customer_id,execution_order,time_a,time_b
1,A_then_B,0.030018821998964995,0.035307112000737106
2,A_then_B,0.02643088699915097,0.042024351001600735
3,A_then_B,0.02985643800275284,0.036637033001170494
4,A_then_B,0.028794822999770986,0.03658145100052934
5,A_then_B,0.031459229001484346,0.03795239199826028
6,B_then_A,0.027231554999161744,0.03590748999704374
7,A_then_B,0.027018824002880137,0.034999938998225844
8,B_then_A,0.02644634500029497,0.03471608899781131
9,A_then_B,0.02660592699976405,0.0396674899966456
10,A_then_B,0.028478194999479456,0.038566947001527296
11,A_then_B,0.028782536999642616,0.03846308200081694
12,A_then_B,0.02848568799890927,0.03654792700035614
13,B_then_A,0.026382277999800863,0.035376317999180174
14,A_then_B,0.02713641800073674,0.03461339500063332
15,B_then_A,0.027187267001863802,0.03504762599914102
16,B_then_A,0.0340830389977782,0.03497786599837127
17,A_then_B,0.03116078200037009,0.03649355200104765
18,B_then_A,0.027402835999964736,0.03559475599831785
19,B_then_A,0.02704021500176168,0.035538772001018515
20,B_then_A,0.02758844100026181,0.03556395700070425
21,A_then_B,0.027438329998403788,0.04756306800118182
22,A_then_B,0.030655755999760004,0.03551130699997884
23,B_then_A,0.027717771001334768,0.035398231997533
24,A_then_B,0.02756083900021622,0.0353795760020148
25,A_then_B,0.02771896899866988,0.03534228700300446
26,A_then_B,0.027599125998676755,0.03483274199970765
27,A_then_B,0.026634833000571234,0.03627668899935088
28,B_then_A,0.026744697002868634,0.03526467099800357
29,A_then_B,0.027400309998483863,0.03556006800135947
30,A_then_B,0.027469853001093725,0.03669381299914676
31,B_then_A,0.027113366999401478,0.03532977400027448
32,B_then_A,0.02674870299961185,0.03643113599900971
33,A_then_B,0.02713647600103286,0.03647721100060153
34,A_then_B,0.027019140998163493,0.04156435799814062
35,B_then_A,0.026887687999987975,0.03534165599921835
36,B_then_A,0.026715898999100318,0.03712063500279328
37,B_then_A,0.02682631800053059,0.0349866500000644
38,B_then_A,0.02694077599880984,0.03486356400026125
39,A_then_B,0.028098304999730317,0.03551933999915491
40,A_then_B,0.02690990600240184,0.03533504299775814
41,A_then_B,0.039680829002463724,0.04645738199906191
42,A_then_B,0.027141973998368485,0.035058040000876645
43,A_then_B,0.027355872000043746,0.03681370300182607
44,B_then_A,0.026445092000358272,0.035834192000038456
45,B_then_A,0.027032007001253078,0.034718040998996
46,A_then_B,0.02981683100006194,0.03516936599771725
47,B_then_A,0.029743424001935637,0.03826222900170251
48,A_then_B,0.0283880440001667,0.03650314699916635
49,B_then_A,0.027821289000712568,0.035579891002271324
50,A_then_B,0.03182979900157079,0.04828812499908963
51,B_then_A,0.027721948998078005,0.03641033700114349
52,A_then_B,0.02729824999914854,0.036090055997192394
53,B_then_A,0.02648862899877713,0.035886991001461865
54,A_then_B,0.02645871699860436,0.03711975700207404
55,A_then_B,0.026488504001463298,0.03475178900043829
56,A_then_B,0.02689007200024207,0.03475844900094671
57,A_then_B,0.02693224899849156,0.0346664629978477
58,A_then_B,0.02647074999913457,0.0344909169980383
59,A_then_B,0.026613031997840153,0.03425435999815818
60,B_then_A,0.026512673000979703,0.03420974400069099
61,B_then_A,0.028033524999045767,0.03558412100028363
62,A_then_B,0.027128809000714682,0.03516075000152341
63,A_then_B,0.02680244200018933,0.034686384999076836
64,B_then_A,0.0258539699971152,0.03421145399988745
65,B_then_A,0.026124509000510443,0.03421436400094535
66,B_then_A,0.026501370000914903,0.034745176999422256
67,B_then_A,0.026454537000972778,0.03451022899753298
68,B_then_A,0.02696679400105495,0.0351469309971435
69,A_then_B,0.02739381499850424,0.03497865900135366
70,A_then_B,0.027142932998685865,0.03653660499912803
71,A_then_B,0.03047812400109251,0.03534163999938755
72,A_then_B,0.027552523999474943,0.03549084199767094
73,A_then_B,0.027105474000563845,0.03503892799926689
74,B_then_A,0.026575350999337388,0.034980997999809915
75,B_then_A,0.026800695002748398,0.03536185999837471
76,A_then_B,0.026495288002479356,0.0347056380014692
77,B_then_A,0.02699148499959847,0.03490516900274088
78,B_then_A,0.026440760000696173,0.03526564499770757
79,B_then_A,0.02689524800007348,0.03510091799762449
80,A_then_B,0.026687011999456445,0.03490974099986488
81,B_then_A,0.03201882600114914,0.035087688997009536
82,A_then_B,0.027093474000139395,0.03571383799862815
83,A_then_B,0.026481364999199286,0.03437365200079512
84,A_then_B,0.02711046199692646,0.034449656999640865
85,B_then_A,0.026642435001122067,0.034874255001341226
86,B_then_A,0.02656946900242474,0.03481015400029719
87,A_then_B,0.026789284002006752,0.03463787399959983
88,A_then_B,0.026237423000566196,0.03429400399909355
89,A_then_B,0.025873639999190345,0.03447388399945339
90,A_then_B,0.026010159999714233,0.0357666980016802
91,A_then_B,0.0264418549995753,0.034582141001010314
92,B_then_A,0.02585649899992859,0.0344636170011654
93,A_then_B,0.02667115399890463,0.03476967900132877
94,A_then_B,0.02702991299884161,0.035179225997126196
95,A_then_B,0.02627301400207216,0.03439231199809001
96,A_then_B,0.026340753000113182,0.03453681600149139
97,B_then_A,0.02586854199762456,0.034302289997867774
98,B_then_A,0.02665769099985482,0.03468990400142502
99,B_then_A,0.026742816000478342,0.034928705998027
100,A_then_B,0.026085371999215567,0.03431971899772179
1,B_then_A,0.02792791899992153,0.034236370000144234
2,B_then_A,0.026664582001103554,0.03498537600171403
3,B_then_A,0.027235825000389013,0.035439193998172414
4,A_then_B,0.026845356998819625,0.034609566999279195
5,B_then_A,0.025885327999276342,0.034158570000727195
6,B_then_A,0.025949255999876186,0.034276325000973884
7,B_then_A,0.026782109998748638,0.03412051100167446
8,A_then_B,0.026470172000699677,0.03476522200071486
9,A_then_B,0.026949490998958936,0.03468726900246111
10,A_then_B,0.02640753499872517,0.03644368899767869
11,B_then_A,0.02644740399773582,0.035122953999234596
12,A_then_B,0.02705267700002878,0.03532286799963913
13,B_then_A,0.027244679997238563,0.03516318300171406
14,A_then_B,0.026415701002406422,0.034923202998470515
15,B_then_A,0.027652001001115423,0.035855333000654355
16,B_then_A,0.02645388399832882,0.03565820999938296
17,A_then_B,0.026386788998934207,0.035507477001374355
18,B_then_A,0.027193008998438017,0.03468292400066275
19,A_then_B,0.027372956999897724,0.034687917002884205
20,B_then_A,0.026628315001289593,0.03491494800255168
21,B_then_A,0.02605978500287165,0.034468060002836864
22,A_then_B,0.026624394999089418,0.034649234999960754
23,B_then_A,0.026688934998674085,0.0347075279969431
24,B_then_A,0.025838327001110883,0.03490511699783383
25,B_then_A,0.02584851199935656,0.034065977997670416
26,A_then_B,0.025796589001402026,0.034040203001495684
27,B_then_A,0.025827310000750003,0.03403336799965473
28,B_then_A,0.02656161499908194,0.034000975003436906
29,B_then_A,0.026311049001378706,0.03478942199944868
30,A_then_B,0.02619981300085783,0.034511559999373276
31,A_then_B,0.02683115599938901,0.03630171100303414
32,B_then_A,0.026137864002521383,0.034506684001826216
33,A_then_B,0.025987474000430666,0.03601063800306292
34,B_then_A,0.027958924998529255,0.03465163700093399
35,A_then_B,0.02748909799993271,0.037787507000757614
36,B_then_A,0.02722318399901269,0.04428734999964945
37,B_then_A,0.02861656900131493,0.03575102399918251
38,B_then_A,0.027497965998918517,0.056848411997634685
39,A_then_B,0.02697553500183858,0.03482147099930444
40,A_then_B,0.026530696002737386,0.03428141499898629
41,A_then_B,0.025983799998357426,0.0350895989977289
42,B_then_A,0.02739538100286154,0.03450583599988022
43,A_then_B,0.026599688000715105,0.03534447399943019
44,B_then_A,0.026577224001812283,0.03514277599970228
45,A_then_B,0.026021343997854274,0.042819430000236025
46,B_then_A,0.026737152998975944,0.034767033997923136
47,B_then_A,0.026032827998278663,0.034503187001973856
48,A_then_B,0.026670874998671934,0.03477349199965829
49,B_then_A,0.026668793998396723,0.04135688599853893
50,B_then_A,0.02599648400064325,0.03423408800153993
51,B_then_A,0.025910153999575414,0.03408422700158553
52,A_then_B,0.026400794999062782,0.03478170200105524
53,A_then_B,0.026139956000406528,0.03418867299842532
54,B_then_A,0.02669380900260876,0.03451615700032562
55,A_then_B,0.028317416999925626,0.03539665599964792
56,B_then_A,0.027355618996807607,0.03625578599894652
57,B_then_A,0.03299597899967921,0.03518199899917818
58,B_then_A,0.02749205600048299,0.041725638999196235
59,A_then_B,0.02711893200103077,0.04550657899744692
60,B_then_A,0.03132474400263163,0.04795864999687183
61,B_then_A,0.03093197400085046,0.038213134997931775
62,A_then_B,0.03080852200218942,0.04352327000015066
63,A_then_B,0.028149934001703514,0.03947884800072643
64,B_then_A,0.029782481000438565,0.0385199710035522
65,B_then_A,0.029077094000967918,0.038048968999646604
66,A_then_B,0.028288954999879934,0.037258060001477133
67,A_then_B,0.027266573000815697,0.035406106002483284
68,B_then_A,0.029203427999163978,0.036086325999349356
69,A_then_B,0.03296488500200212,0.038220860002184054
70,A_then_B,0.03262148900103057,0.038260322999121854
71,A_then_B,0.029482275996997487,0.0371469400015485
72,B_then_A,0.027699300000676885,0.03588958000182174
73,B_then_A,0.026846606000617612,0.03576909900220926
74,A_then_B,0.026923900997644523,0.03506823899806477
75,A_then_B,0.027025526000215905,0.03527363399916794
76,B_then_A,0.026826014000107534,0.0352709219987446
77,B_then_A,0.026825651999388356,0.0349603369977558
78,A_then_B,0.026204958001471823,0.03423076199760544
79,B_then_A,0.026488435996725457,0.03447378700002446
80,B_then_A,0.026603800997690996,0.03572713900211966
81,A_then_B,0.026793048000399722,0.03510326499963412
82,B_then_A,0.026707108001573943,0.03465397999752895
83,B_then_A,0.027065876998676686,0.035211638001783285
84,B_then_A,0.027554206000786508,0.03745967500071856
85,A_then_B,0.026686887998948805,0.034660218996577896
86,A_then_B,0.026045157999760704,0.0347407840017695
87,A_then_B,0.02643227500084322,0.035471767998387804
88,A_then_B,0.026441944999533007,0.03465540600154782
89,A_then_B,0.02698344200325664,0.035212196002248675
90,A_then_B,0.02631085899702157,0.034898980000434676
91,B_then_A,0.026210195999738062,0.034752227998978924
92,B_then_A,0.027367616999981692,0.03485497099973145
93,B_then_A,0.026668557999073528,0.03517558399835252
94,B_then_A,0.027323264999722596,0.03506511899831821
95,B_then_A,0.026593943999614567,0.03487149299689918
96,A_then_B,0.02717544299957808,0.03557377700053621
97,B_then_A,0.027301220001390902,0.034682133999012876
98,A_then_B,0.026965473000018392,0.036619999998947605
99,B_then_A,0.027622525998594938,0.03586341699701734
100,B_then_A,0.026711159000115003,0.03579342500233906
1,A_then_B,0.027771121000114363,0.03505551899797865
2,B_then_A,0.02795723300005193,0.034882560998084955
3,A_then_B,0.02682709500004421,0.03517765799915651
4,A_then_B,0.026880092002102174,0.03512960100124474
5,A_then_B,0.026682684998377226,0.03506554200066603
6,A_then_B,0.027375935998861678,0.03478019000249333
7,A_then_B,0.026361184998677345,0.03493531700223684
8,A_then_B,0.026276717999280663,0.03479419499853975
9,A_then_B,0.027338120999047533,0.03512256500107469
10,A_then_B,0.02634711200153106,0.03477752699836856
11,B_then_A,0.026243334999890067,0.034644985000340967
12,A_then_B,0.028048672000295483,0.034812304002116434
13,B_then_A,0.027383484000893077,0.03492391100007808
14,B_then_A,0.026235625002300367,0.03498737900008564
15,B_then_A,0.026780895997944754,0.03496879500016803
16,B_then_A,0.026849875001062173,0.03508609200071078
17,A_then_B,0.02757125499920221,0.034808018997864565
18,A_then_B,0.0262714579985186,0.03483312300159014
19,B_then_A,0.027194625999982236,0.03440516100090463
20,B_then_A,0.026582604998111492,0.035293387998535763
21,A_then_B,0.02629649300070014,0.034689351999986684
22,B_then_A,0.026584429000649834,0.0351243120021536
23,B_then_A,0.0264771779984585,0.03472276899992721
24,B_then_A,0.026395720000436995,0.0347914710000623
25,A_then_B,0.02609383199887816,0.034567717997560976
26,A_then_B,0.02648369999951683,0.0368524260011327
27,A_then_B,0.027144469997438136,0.03437068000130239
28,B_then_A,0.026550634000159334,0.0346699269975943
29,A_then_B,0.027091120999102714,0.035200359001464676
30,B_then_A,0.026359054001659388,0.035194847001548624
31,B_then_A,0.026601519999530865,0.034603692998643965
32,B_then_A,0.026737116000731476,0.03581364899946493
33,B_then_A,0.030059207001613686,0.03508387600231799
34,B_then_A,0.027320698001858545,0.037187139998422936
35,B_then_A,0.028564485000970308,0.03575597399685648
36,A_then_B,0.027032490997953573,0.035554148998926394
37,A_then_B,0.027115771001263056,0.036675576000561705
38,A_then_B,0.027701880000677193,0.0356137629969453
39,B_then_A,0.02676529200107325,0.03477720799855888
40,A_then_B,0.026501395001105266,0.03528016700147418
41,B_then_A,0.027261016999545973,0.03602270200281055
42,B_then_A,0.026487600000109524,0.03581706899785786
43,A_then_B,0.02666210799725377,0.0352328020017012
44,A_then_B,0.02731023700107471,0.03538616800142336
45,B_then_A,0.02871258700179169,0.03566198300177348
46,A_then_B,0.02726191300098435,0.03509812100310228
47,A_then_B,0.026007674001448322,0.034357779997662874
48,A_then_B,0.02608759199938504,0.03438218399969628
49,A_then_B,0.027302109003358055,0.03516123699955642
50,B_then_A,0.026756602001114516,0.03486483700180543
51,B_then_A,0.027180411998415366,0.034937059001094894
52,B_then_A,0.0265743449999718,0.03534026600027573
53,A_then_B,0.027404003998526605,0.034985126003448386
54,B_then_A,0.026558282999758376,0.03485669799920288
55,B_then_A,0.02723228800095967,0.03474627800096641
56,B_then_A,0.026717220000136876,0.035299749000841985
57,A_then_B,0.026774456000566715,0.03532228600306553
58,A_then_B,0.02712246200098889,0.03501438600142137
59,A_then_B,0.027147901000716956,0.03499437799837324
60,A_then_B,0.02663570000004256,0.03531584099982865
61,B_then_A,0.026292526999895927,0.03558795700155315
62,B_then_A,0.026110224000149174,0.03449446499871556
63,A_then_B,0.02612638800201239,0.03444504399885773
64,B_then_A,0.027133440002216958,0.035658898999827215
65,B_then_A,0.027321134999510832,0.034909909998532385
66,B_then_A,0.02675533000001451,0.035672481997607974
67,B_then_A,0.027235716999712167,0.0358245839997835
68,B_then_A,0.02742481400127872,0.03861481299827574
69,B_then_A,0.02739704600026016,0.0352739810005005
70,B_then_A,0.027701794999302365,0.03544214100111276
71,A_then_B,0.027692482999555068,0.035477412999171065
72,B_then_A,0.026765520000481047,0.03529128900117939
73,B_then_A,0.02651528199930908,0.03464027600057307
74,A_then_B,0.026443995000590803,0.03441785800168873
75,B_then_A,0.027185555001778994,0.035344408999662846
76,A_then_B,0.027012419002858223,0.035124834001180716
77,A_then_B,0.026822119998541893,0.03477211299832561
78,A_then_B,0.02607773000272573,0.03433341499840026
79,A_then_B,0.027359693998732837,0.0355452059993695
80,B_then_A,0.027843281000969,0.03651472899946384
81,A_then_B,0.027501291999215027,0.035961614001280395
82,A_then_B,0.027094163997389842,0.03903351400003885
83,B_then_A,0.028071000997442752,0.035653367998747854
84,A_then_B,0.027828919999592472,0.035363096998480614
85,A_then_B,0.027428668003267376,0.03890279899860616
86,B_then_A,0.026991971000825288,0.03557358500256669
87,B_then_A,0.026664578999771038,0.03603810299682664
88,A_then_B,0.026285107000148855,0.03579570399961085
89,B_then_A,0.026288824999937788,0.03484335200118949
90,A_then_B,0.02674595000280533,0.034308014997805
91,A_then_B,0.026317805000871886,0.0356434840032307
92,B_then_A,0.026123807998374104,0.035265910999441985
93,B_then_A,0.026047336003102828,0.034326742999837734
94,A_then_B,0.026612547000695486,0.04422168699966278
95,B_then_A,0.02650913700199453,0.03575673500017729
96,B_then_A,0.02689400800227304,0.03462816299725091
97,A_then_B,0.02697579199957545,0.03553113099769689
98,A_then_B,0.02735904800283606,0.03534575500088977
99,B_then_A,0.027704950000043027,0.03578268199999002
100,B_then_A,0.026907642000878695,0.03642179700182169
1,B_then_A,0.027241277999564772,0.03587164900091011
2,B_then_A,0.027469455999380443,0.036133008001343114
3,B_then_A,0.027704516000085277,0.03541386600045371
4,B_then_A,0.026679007001803257,0.03569889000209514
5,A_then_B,0.02738210199822788,0.03525537400128087
6,B_then_A,0.027245134999247966,0.03496462799739675
7,A_then_B,0.026625475999026094,0.042578955999488244
8,A_then_B,0.027623988997220295,0.03619848299786099
9,A_then_B,0.0280672750013764,0.036329804999695625
10,A_then_B,0.028810324998630676,0.03703720799967414
11,A_then_B,0.028101977997721406,0.03551005000190344
12,A_then_B,0.02729574600016349,0.03583310500107473
13,A_then_B,0.02695780000067316,0.03588966100141988
14,A_then_B,0.02665711800000281,0.034920277998025995
15,A_then_B,0.026891457997407997,0.0351711309995153
16,B_then_A,0.027314818999002455,0.03539159399952041
17,A_then_B,0.026584281000396004,0.03445819500120706
18,A_then_B,0.026207000999420416,0.03479308899841271
19,A_then_B,0.026415262000227813,0.035354657000425505
20,B_then_A,0.02605055700041703,0.034763436000503134
21,A_then_B,0.026444391998666106,0.034638481000001775
22,B_then_A,0.02646763099983218,0.03493159900244791
23,B_then_A,0.02677953499733121,0.03512641500128666
24,A_then_B,0.02622569300001487,0.03429555300317588
25,A_then_B,0.02638279199891258,0.035257929001090815
26,B_then_A,0.0268044930016913,0.036001186999783386
27,B_then_A,0.02665163600249798,0.03465900499941199
28,A_then_B,0.027933345998462755,0.035314703000040026
29,B_then_A,0.027748696000344353,0.035265473001345526
30,A_then_B,0.030346364997967612,0.03544922799846972
31,B_then_A,0.027444245999504346,0.035662735001096735
32,B_then_A,0.02855859400006011,0.03675028200086672
33,B_then_A,0.027317495001625502,0.03576907900060178
34,B_then_A,0.027944785997533472,0.03795120300128474
35,A_then_B,0.028225539997947635,0.03609396300089429
36,B_then_A,0.027942657998210052,0.03600500500033377
37,B_then_A,0.027768145999289118,0.035561358999984805
38,B_then_A,0.027615606999461306,0.035911406001105206
39,A_then_B,0.02732650599864428,0.034621614999196026
40,A_then_B,0.026326449002226582,0.034212447000754764
41,B_then_A,0.02726931199867977,0.035197127999708755
42,A_then_B,0.02769675899980939,0.03485508100129664
43,B_then_A,0.026014489001681795,0.034618947000126354
44,A_then_B,0.026651814998331247,0.034810185999958776
45,A_then_B,0.026743859001726378,0.03560621200085734
46,A_then_B,0.026564634001260856,0.03440959999716142
47,A_then_B,0.026145535997784464,0.034580375999212265
48,A_then_B,0.026684226999350358,0.03528158199696918
49,B_then_A,0.02691781200337573,0.03464837799765519
50,A_then_B,0.026137568002013722,0.034457787001883844
51,B_then_A,0.026972398001817055,0.034896684999694116
52,B_then_A,0.027006559997971635,0.03599331100122072
53,B_then_A,0.02769987500141724,0.03749851300017326
54,A_then_B,0.027741840000089724,0.03582618300060858
55,A_then_B,0.02763182199851144,0.035638075998576824
56,A_then_B,0.02783534700211021,0.03615443000308005
57,A_then_B,0.028053951002220856,0.034603951000462985
58,B_then_A,0.027461804998893058,0.03651707100289059
59,A_then_B,0.027403509000578197,0.035092526999505935
60,A_then_B,0.027020378998713568,0.034347804001299664
61,A_then_B,0.026231444000586635,0.036733250999532174
62,A_then_B,0.027009327000996564,0.03456568599722232
63,B_then_A,0.026522370000748197,0.03429039399998146
64,A_then_B,0.02653756799918483,0.03491226999904029
65,A_then_B,0.026905959002760937,0.034644670002307976
66,B_then_A,0.026713878000009572,0.03452894899965031
67,A_then_B,0.02700069899947266,0.03522211900053662
68,A_then_B,0.027362466000340646,0.03550734000236844
69,B_then_A,0.02660849400126608,0.034631104001164204
70,B_then_A,0.02698860300006345,0.03599054900041665
71,A_then_B,0.02679042800082243,0.03512235000016517
72,A_then_B,0.026605719998769928,0.03483278499697917
73,B_then_A,0.02710891700189677,0.036015585999848554
74,B_then_A,0.026656950001779478,0.03570609800226521
75,A_then_B,0.02648498400230892,0.03459880200171028
76,A_then_B,0.02665932200034149,0.034527133000665344
77,A_then_B,0.026496604998101247,0.035468686000967864
78,A_then_B,0.026464075002877507,0.034884919001342496
79,A_then_B,0.026846179000131087,0.03539557499971124
80,A_then_B,0.027145328000187874,0.034826723000151105
81,A_then_B,0.026457843003299786,0.03520248499989975
82,A_then_B,0.027029934000893263,0.03500574400095502
83,B_then_A,0.025994520001404453,0.03431840999837732
84,B_then_A,0.02977899100005743,0.034277618000487564
85,B_then_A,0.026820914001291385,0.03467021999676945
86,A_then_B,0.026510566000069957,0.03498287500042352
87,B_then_A,0.026619183001457714,0.03475128300124197
88,B_then_A,0.027055470000050263,0.03477688299972215
89,A_then_B,0.026181898996583186,0.034655432998988545
90,A_then_B,0.02633605200026068,0.03467264500068268
91,B_then_A,0.028139341000496643,0.0350071860011667
92,B_then_A,0.026622651002981,0.03515693400186137
93,B_then_A,0.027504360001330497,0.034735976998490514
94,B_then_A,0.02611646299919812,0.034870519000833156
95,B_then_A,0.027490626998769585,0.03635495300113689
96,B_then_A,0.0261553010022908,0.034740405000775354
97,A_then_B,0.026031485002022237,0.0345461390024866
98,B_then_A,0.026868146000197157,0.034861673000705196
99,A_then_B,0.026239708000503015,0.03450567799882265
100,B_then_A,0.026988216002791887,0.0349800790027075
1,B_then_A,0.027279384001303697,0.03526096000132384
2,B_then_A,0.027119615999254165,0.035458591002679896
3,B_then_A,0.026996688000508584,0.03480501000012737
4,B_then_A,0.027026119001675397,0.03511999799957266
5,A_then_B,0.02793276599913952,0.035534581998945214
6,B_then_A,0.02761889600151335,0.035852503999194596
7,B_then_A,0.02781353599857539,0.0362658289996034
8,B_then_A,0.02656612400096492,0.037289465002686484
9,B_then_A,0.026461273999302648,0.034938293996674474
10,A_then_B,0.02655689099992742,0.03559050499825389
11,A_then_B,0.027553831998375244,0.03559029999814811
12,B_then_A,0.028125028999056667,0.036465708999458
13,A_then_B,0.027495011003338732,0.03736841399950208
14,A_then_B,0.027204648999031633,0.03495558799841092
15,B_then_A,0.026294716000847984,0.03550517899930128
16,A_then_B,0.02690165999956662,0.03529763000187813
17,A_then_B,0.026886777999607148,0.034991714001080254
18,A_then_B,0.02715758900012588,0.03440196099836612
19,B_then_A,0.02611918199909269,0.0342609130020719
20,A_then_B,0.02608143700126675,0.035408563002420124
21,A_then_B,0.027974756001640344,0.03839151799911633
22,B_then_A,0.02799720799885108,0.03704054300033022
23,B_then_A,0.026905183000053512,0.03625450999970781
24,A_then_B,0.02696530499815708,0.035401434997766046
25,A_then_B,0.026583040998957586,0.03494982299889671
26,B_then_A,0.02685232600197196,0.035127320003084606
27,A_then_B,0.026980995997291757,0.03417191300104605
28,A_then_B,0.025953309999749763,0.03431151200129534
29,A_then_B,0.02714583199849585,0.03615603099751752
30,B_then_A,0.02737671000068076,0.0357480470011069
31,A_then_B,0.028258510003070114,0.045649691001017345
32,B_then_A,0.027077253002062207,0.0350862640007108
33,A_then_B,0.026448001997778192,0.03458797399798641
34,A_then_B,0.027881995996722253,0.036878289000014775
35,A_then_B,0.026345455000409856,0.03469874599977629
36,B_then_A,0.02828626599875861,0.03509741400193889
37,B_then_A,0.027888012999028433,0.03722976299832226
38,A_then_B,0.02856928100300138,0.03597537700261455
39,A_then_B,0.028681190000497736,0.0356971010005509
40,A_then_B,0.02712491000056616,0.03541033500005142
41,B_then_A,0.027510328000062145,0.035335046999534825
42,A_then_B,0.027094318997114897,0.03613609800231643
43,A_then_B,0.02711483800158021,0.036437612001464004
44,B_then_A,0.02701572800287977,0.036265448998165084
45,B_then_A,0.027631203000055393,0.03575526800341322
46,A_then_B,0.027289822999591706,0.03545970000050147
47,A_then_B,0.027107821999379667,0.036423748002562206
48,B_then_A,0.026751229001092725,0.035458357000607066
49,B_then_A,0.027262843999778852,0.03580653499739128
50,A_then_B,0.028109957002016017,0.03487059699909878
51,A_then_B,0.026395900997158606,0.03452281299905735
52,B_then_A,0.026905933998932596,0.034767066998028895
53,B_then_A,0.02795541099840193,0.0360753669992846
54,B_then_A,0.027557998000702355,0.035608313999546226
55,B_then_A,0.027317600997776026,0.03508491100001265
56,B_then_A,0.02819476199874771,0.0408817050010839
57,A_then_B,0.027125790002173744,0.03558002100180602
58,A_then_B,0.027150601999892388,0.035810015000606654
59,B_then_A,0.02761192100297194,0.035662305999721866
60,B_then_A,0.02781244899961166,0.036106760999246035
61,A_then_B,0.027171518999239197,0.03561858399916673
62,B_then_A,0.02747448299851385,0.035825678998662625
63,B_then_A,0.026891172001342056,0.03602417599904584
64,A_then_B,0.028091487001802307,0.035312002000864595
65,B_then_A,0.02672252699994715,0.03701995300070848
66,A_then_B,0.02633976899960544,0.034557856000901666
67,B_then_A,0.026339327996538486,0.03499917999943136
68,A_then_B,0.02708151399929193,0.03448809600013192
69,B_then_A,0.026718794000771595,0.03503293500034488
70,B_then_A,0.02766031700230087,0.03493018500012113
71,B_then_A,0.026406169999972917,0.035184979999030475
72,B_then_A,0.026037190997158177,0.0350957170012407
73,A_then_B,0.026176784002018394,0.03467432600155007
74,B_then_A,0.026351142001658445,0.03515782500107889
75,A_then_B,0.02622388900272199,0.03599967999980436
76,A_then_B,0.026931602998956805,0.034589036000397755
77,A_then_B,0.026281490001565544,0.03427330200065626
78,A_then_B,0.026209182000457076,0.03474892500162241
79,B_then_A,0.02630400800262578,0.03519828400021652
80,A_then_B,0.026136980999581283,0.03467239199744654
81,A_then_B,0.02613039499919978,0.03493728099783766
82,A_then_B,0.027142020997416694,0.03488465299960808
83,B_then_A,0.026678419999370817,0.035151977001078194
84,A_then_B,0.026296996999008115,0.035589959003118565
85,A_then_B,0.027448561999335652,0.03563311800098745
86,A_then_B,0.027229965999140404,0.03581563299667323
87,A_then_B,0.02651306800180464,0.03580652000164264
88,B_then_A,0.027372380998713197,0.03522333900036756
89,A_then_B,0.027667480000673095,0.03551685899947188
90,A_then_B,0.026896225001109997,0.035309724000399
91,B_then_A,0.02614704699954018,0.03546763299891609
92,B_then_A,0.026183517002209555,0.03431433899822878
93,A_then_B,0.026180750002822606,0.03447541599962278
94,A_then_B,0.02831672199681634,0.035569848001614446
95,A_then_B,0.026652046999515733,0.034457920999557246
96,A_then_B,0.02671547499994631,0.03478295500099193
97,A_then_B,0.027043355999921914,0.03567296600158443
98,A_then_B,0.02671298399945954,0.034524905000580475
99,A_then_B,0.026875707000726834,0.03524531599759939
100,A_then_B,0.02674244699664996,0.03530141299779643
1,A_then_B,0.02738851500180317,0.035027407997404225
2,B_then_A,0.026876898999034893,0.03516862199830939
3,B_then_A,0.026639422001608182,0.034601127001224086
4,A_then_B,0.02685800900144386,0.03464543000154663
5,A_then_B,0.02609565999955521,0.0342669149977155
6,B_then_A,0.026353312998253386,0.036039122998772655
7,B_then_A,0.026853359999222448,0.034844256999349454
8,B_then_A,0.026389201000711182,0.03452596299757715
9,B_then_A,0.0266867469981662,0.03440038199914852
10,A_then_B,0.026564797000901308,0.035647356999106705
11,A_then_B,0.026694311996834585,0.03443914800300263
12,A_then_B,0.02734997199877398,0.034385858998575713
13,B_then_A,0.026845610998861957,0.03457593799976166
14,A_then_B,0.026531026000157,0.034832056997402105
15,B_then_A,0.02653814099903684,0.0349445329993614
16,A_then_B,0.026602704001561506,0.034698804000072414
17,A_then_B,0.0273952570023539,0.034990329997526715
18,A_then_B,0.026490815998840844,0.0348265110005741
19,B_then_A,0.02661324500149931,0.03510119900238351
20,B_then_A,0.027550614999199752,0.035462174000713276
21,B_then_A,0.0271057429999928,0.03517968199957977
22,B_then_A,0.026550426002359018,0.03490948900071089
23,A_then_B,0.026573391998681473,0.03483550799865043
24,A_then_B,0.026415954002004582,0.0349554079984955
25,A_then_B,0.02673196399700828,0.03488881100201979
26,A_then_B,0.026387093999801436,0.0349711800008663
27,B_then_A,0.026799432998814154,0.03517597600148292
28,A_then_B,0.026596080999297556,0.03481409600135521
29,A_then_B,0.026492277000215836,0.03490138699999079
30,B_then_A,0.02975076800066745,0.03496679599993513
31,A_then_B,0.026571185000648256,0.03490832799798227
32,B_then_A,0.02682405499945162,0.035835211998346495
33,A_then_B,0.026448838001670083,0.03474840600028983
34,B_then_A,0.027088730999821564,0.03453781899952446
35,A_then_B,0.026394339998660143,0.03450229100053548
36,A_then_B,0.02647131900084787,0.03501882800264866
37,A_then_B,0.026196733000688255,0.03429107100237161
38,A_then_B,0.02669926200178452,0.03487353099990287
39,B_then_A,0.026483929999812972,0.034950012999615865
40,A_then_B,0.02665509000144084,0.034428053000738146
41,B_then_A,0.026320782999391668,0.03592819299956318
42,A_then_B,0.026430605998029932,0.03651645699937944
43,B_then_A,0.02603444499982288,0.035442869000689825
44,B_then_A,0.026474506998056313,0.034492508002585964
45,B_then_A,0.026806694997503655,0.03466914900127449
46,B_then_A,0.026384717002656544,0.03514394800004084
47,B_then_A,0.02641441700325231,0.034768508001434384
48,B_then_A,0.026785275997099234,0.03482446500129299
49,A_then_B,0.02708992699990631,0.03531247499995516
50,A_then_B,0.026725525000074413,0.03438580799775082
51,B_then_A,0.026612413003022084,0.034391971999866655
52,A_then_B,0.026167357002123026,0.03574083400235395
53,B_then_A,0.026704848001827486,0.03576664299907861
54,B_then_A,0.026988396999513498,0.03626045599958161
55,A_then_B,0.02623216299980413,0.03487738200055901
56,A_then_B,0.02649061400006758,0.034265345999301644
57,A_then_B,0.02625954399991315,0.03579232500123908
58,A_then_B,0.031864268999925116,0.035277562998089707
59,B_then_A,0.02623182900060783,0.0352512259996729
60,A_then_B,0.02610330799871008,0.03488328800085583
61,A_then_B,0.02599757699863403,0.035546219998650486
62,A_then_B,0.026823628999409266,0.0349054239995894
63,B_then_A,0.026727939999545924,0.03476065100039705
64,B_then_A,0.026552885999990394,0.03463775000273017
65,A_then_B,0.02687677900030394,0.0349815360023058
66,A_then_B,0.026305539002350997,0.03458674900321057
67,B_then_A,0.026275767999322852,0.034829619002266554
68,B_then_A,0.026721473997895373,0.034434869998221984
69,A_then_B,0.026541858998825774,0.03445603300133371
70,B_then_A,0.02608866099762963,0.03428610800256138
71,B_then_A,0.026398226000310387,0.03453810900100507
72,B_then_A,0.026202068002021406,0.0350911300010921
73,A_then_B,0.026154507999308407,0.03488654800094082
74,A_then_B,0.026913116002106108,0.03501436599981389
75,A_then_B,0.027220518000831362,0.03560052600005292
76,B_then_A,0.026764137001009658,0.03508799699920928
77,A_then_B,0.027103966000140645,0.03528157799883047
78,B_then_A,0.02713108399984776,0.03478942500078119
79,A_then_B,0.026451577999978326,0.034340518999670167
80,A_then_B,0.026074465000419877,0.036240081000869395
81,A_then_B,0.026514581997616915,0.03490995199899771
82,B_then_A,0.02610647199981031,0.03478162600003998
83,B_then_A,0.026131482001801487,0.03450504799911869
84,A_then_B,0.02661519300090731,0.03467779299899121
85,B_then_A,0.027375014997232938,0.03529226200043922
86,B_then_A,0.026412999999593012,0.035295187997689936
87,B_then_A,0.02612162600053125,0.03466111899979296
88,B_then_A,0.02638879500227631,0.03564342200115789
89,A_then_B,0.02596661099960329,0.03425155600052676
90,B_then_A,0.026862555998377502,0.03421530700143194
91,B_then_A,0.027194758000405272,0.03629868600182817
92,B_then_A,0.027567945999180665,0.034930394002003595
93,B_then_A,0.027480102999106748,0.03694467500099563
94,A_then_B,0.026055900001665577,0.03494647399929818
95,A_then_B,0.0269137370014505,0.0350377219983784
96,A_then_B,0.026410048998513957,0.03492084500248893
97,B_then_A,0.026836819997697603,0.0350096680012939
98,A_then_B,0.02694921600050293,0.03515358799995738
99,A_then_B,0.026979160000337288,0.03435021500263247
100,B_then_A,0.026252442999975756,0.034456780998880276
1,B_then_A,0.02703659300095751,0.03523924099863507
2,A_then_B,0.0261094689994934,0.0348029230008251
3,A_then_B,0.026621173001331044,0.03456117299720063
4,B_then_A,0.027584879000642104,0.03484361699884175
5,A_then_B,0.02658894100022735,0.03448056599881966
6,A_then_B,0.02662961999885738,0.03487562100053765
7,B_then_A,0.02695469799800776,0.03459829500206979
8,A_then_B,0.026656799000193132,0.034437547001289204
9,B_then_A,0.026549661000899505,0.03450550300112809
10,A_then_B,0.026588523000100395,0.03490351000073133
11,B_then_A,0.0264623200018832,0.03508245600096416
12,A_then_B,0.02691092200257117,0.0369269209986669
13,B_then_A,0.030394230998354033,0.03537979899920174
14,B_then_A,0.02696431199728977,0.03676088399879518
15,B_then_A,0.026829722999536898,0.03616617200168548
16,B_then_A,0.02620704599758028,0.035619244998088107
17,B_then_A,0.02660817799915094,0.034894489999715006
18,A_then_B,0.02659561499967822,0.03460460299902479
19,B_then_A,0.027002462000382366,0.03491587800090201
20,B_then_A,0.027431291000539204,0.03552056199987419
21,A_then_B,0.02668126899880008,0.03464388900101767
22,A_then_B,0.026550500999292126,0.03479035400232533
23,B_then_A,0.02704723300121259,0.03554886900019483
24,B_then_A,0.027699223999661626,0.03505694100022083
25,B_then_A,0.026594810999085894,0.03497314299966092
26,B_then_A,0.02763593000054243,0.03519442100150627
27,B_then_A,0.02635627299969201,0.035114193000481464
28,B_then_A,0.026804514000104973,0.034654874998523155
29,B_then_A,0.02655909199893358,0.034775976000673836
30,B_then_A,0.026872304999415064,0.03669686300054309
31,A_then_B,0.02647067400175729,0.03428330400129198
32,B_then_A,0.027105432000098517,0.03420317600102862
33,A_then_B,0.0271705520026444,0.03563267799836467
34,B_then_A,0.026439912999194348,0.03502583199951914
35,B_then_A,0.027911531000427203,0.0347457409989147
36,B_then_A,0.02682170900152414,0.03498160599701805
37,A_then_B,0.026271156999428058,0.0343341789994156
38,B_then_A,0.02608182900075917,0.03609867699924507
39,B_then_A,0.027271066999674076,0.034862788997997995
40,A_then_B,0.02736064100099611,0.03481996299888124
41,A_then_B,0.02639940600056434,0.035203234998334665
42,B_then_A,0.026738085001852596,0.03502219499932835
43,A_then_B,0.027100217001134297,0.03536395000264747
44,B_then_A,0.026463123998837546,0.03474031799851218
45,B_then_A,0.026553986997896573,0.0343787860001612
46,B_then_A,0.03342501299994183,0.034812112997315126
47,A_then_B,0.02650884999820846,0.03521497999827261
48,B_then_A,0.026577586999337655,0.034535472997959005
49,B_then_A,0.026727116000984097,0.03479141299976618
50,A_then_B,0.026975666998623637,0.0364304920003633
51,A_then_B,0.02662013999724877,0.03591321999920183
52,B_then_A,0.026950301002216293,0.034994877998542506
53,A_then_B,0.026786033999087522,0.03479207499913173
54,B_then_A,0.02614401699975133,0.03504029299801914
55,B_then_A,0.026463247999345185,0.03467816700140247
56,A_then_B,0.026854059997276636,0.03715142000146443
57,B_then_A,0.026392510000732727,0.035356273998331744
58,B_then_A,0.02614226199875702,0.0349262159979844
59,A_then_B,0.026340454998717178,0.03497217000040109
60,B_then_A,0.026322117999370676,0.034555422000266844
61,A_then_B,0.02675163700041594,0.035406322000199
62,A_then_B,0.026191685999947367,0.034854850000556326
63,A_then_B,0.026660094001272228,0.03528106699741329
64,B_then_A,0.02612940199833247,0.04206790399985039
65,B_then_A,0.02729391400134773,0.03481488800025545
66,B_then_A,0.026467928000784013,0.03531956699953298
67,A_then_B,0.026600634002534207,0.03433533600036753
68,A_then_B,0.02627917399877333,0.03490512699863757
69,B_then_A,0.027080429001216544,0.03539491999981692
70,A_then_B,0.02591651300099329,0.03431783699852531
71,B_then_A,0.026256565000949195,0.034364039998763474
72,A_then_B,0.026917174000118393,0.034796347998053534
73,A_then_B,0.02610413799993694,0.034358181997959036
74,A_then_B,0.026437030002853135,0.03428671100118663
75,A_then_B,0.026352711996878497,0.03492901800200343
76,A_then_B,0.02614176999850315,0.03452818099685828
77,B_then_A,0.026108264999493258,0.034919572000944754
78,B_then_A,0.027400711001973832,0.03512850599872763
79,B_then_A,0.026560807000350906,0.03501585900085047
80,A_then_B,0.026493794997804798,0.03505687299912097
81,B_then_A,0.027134402997035068,0.03512757999851601
82,A_then_B,0.027694951997546013,0.035446329002297716
83,A_then_B,0.02605237500029034,0.03430181700241519
84,B_then_A,0.026479842999833636,0.03437259799829917
85,B_then_A,0.02653962399926968,0.03501577800125233
86,A_then_B,0.02642474100139225,0.034816002000297885
87,B_then_A,0.026768190997245256,0.03487073900032556
88,A_then_B,0.027015135001420276,0.03579787499984377
89,B_then_A,0.02664808099871152,0.034458369002095424
90,B_then_A,0.026003180999396136,0.03483531399979256
91,B_then_A,0.02724896300060209,0.03472455600058311
92,B_then_A,0.026847085002373205,0.03480338299777941
93,A_then_B,0.027180990000488237,0.035435598001640756
94,B_then_A,0.026837437999347458,0.0353342079979484
95,B_then_A,0.027051883000240196,0.03553670499968575
96,A_then_B,0.026709981000749394,0.03530699900147738
97,B_then_A,0.026695684999140212,0.035134849000314716
98,B_then_A,0.02776745099981781,0.03544755299662938
99,B_then_A,0.026357700997323263,0.034900235001259716
100,B_then_A,0.02621365899904049,0.0343021749977197
1,B_then_A,0.026725700998213142,0.034900421000202186
2,B_then_A,0.026576796000881586,0.03482994599835365
3,B_then_A,0.026076695998199284,0.03444296400266467
4,A_then_B,0.026237193000270054,0.035648541001137346
5,B_then_A,0.02662227800101391,0.035213507999287685
6,A_then_B,0.02660769599970081,0.03436711000176729
7,B_then_A,0.02674350099914591,0.03487711100024171
8,A_then_B,0.026734581002529012,0.03444005900018965
9,A_then_B,0.0266854589972354,0.034719732000667136
10,A_then_B,0.02690903300026548,0.03440268699705484
11,A_then_B,0.02658987600079854,0.03515597400109982
12,A_then_B,0.026617961000738433,0.0349777939991327
13,A_then_B,0.026025389997812454,0.03451584800131968
14,A_then_B,0.026320482000301126,0.03665519499918446
15,B_then_A,0.02612578999833204,0.03458675300134928
16,A_then_B,0.026485315000172704,0.03551497799708159
17,B_then_A,0.026649481998902047,0.034772115999658126
18,B_then_A,0.025994753999839304,0.041694764000567375
19,A_then_B,0.026011657999333693,0.03421773700029007
20,A_then_B,0.026432514998305123,0.03511638500276604
21,B_then_A,0.02656847199978074,0.03534451700033969
22,B_then_A,0.02662088400029461,0.03473556600147276
23,B_then_A,0.026653184002498165,0.035064853000221774
24,B_then_A,0.026241226001729956,0.03521948799971142
25,B_then_A,0.02655374800087884,0.03490275200238102
26,A_then_B,0.02727732399944216,0.03557915700002923
27,B_then_A,0.027236193000135245,0.0354427050006052
28,A_then_B,0.02740440300112823,0.03689885700077866
29,B_then_A,0.027584406998357736,0.03689775299790199
30,B_then_A,0.02816682699994999,0.03815850499813678
31,A_then_B,0.02872560299874749,0.03716829499899177
32,A_then_B,0.02806285499900696,0.035255122998933075
33,A_then_B,0.026878305998252472,0.03567146500063245
34,B_then_A,0.02764317699984531,0.03567734999887762
35,B_then_A,0.026677604000724386,0.034848111998144304
36,A_then_B,0.026579524997941917,0.034292372001800686
37,B_then_A,0.026931202002742793,0.034526521998486714
38,A_then_B,0.026514997996855527,0.03662297600021702
39,A_then_B,0.027352894998330157,0.035224281000409974
40,A_then_B,0.027443873001175234,0.03539589399952092
41,B_then_A,0.026690490998589667,0.03503253999951994
42,A_then_B,0.026620352000463754,0.0350560820006649
43,A_then_B,0.026894958999037044,0.03524841100079357
44,A_then_B,0.02824826800133451,0.035090712997771334
45,A_then_B,0.027160452998941764,0.03539487300076871
46,A_then_B,0.027408671001467155,0.03769101600119029
47,B_then_A,0.02763810000033118,0.03638199100169004
48,B_then_A,0.026610570999764604,0.03523847800170188
49,A_then_B,0.027034062000893755,0.03513189200020861
50,A_then_B,0.02774000099816476,0.03496542200082331
51,A_then_B,0.026559647998510627,0.03431566400104202
52,A_then_B,0.026212148000922753,0.03498643500279286
53,B_then_A,0.026441818998137023,0.035022641997784376
54,B_then_A,0.02594408499862766,0.034216946998640196
55,A_then_B,0.02620116299658548,0.03504088499903446
56,A_then_B,0.026561737999145407,0.03492501100117806
57,B_then_A,0.027475101000163704,0.03444409599978826
58,B_then_A,0.026236943998810602,0.03472361400054069
59,B_then_A,0.027781357999629108,0.03653841899722465
60,A_then_B,0.032468418998178095,0.03577441000015824
61,B_then_A,0.02654394199998933,0.03497077000065474
62,B_then_A,0.027003855000657495,0.03491839100024663
63,B_then_A,0.026874290000705514,0.03573106199837639
64,B_then_A,0.02653484000256867,0.034338460998696974
65,A_then_B,0.026638770999852568,0.03516611200029729
66,B_then_A,0.027075460999185452,0.034871124000346754
67,A_then_B,0.02725752299738815,0.03740082900185371
68,A_then_B,0.02820855200116057,0.03697082899816451
69,A_then_B,0.028155730000435142,0.035379920998821035
70,B_then_A,0.026873006998357596,0.035302473999763606
71,B_then_A,0.02669048299867427,0.03511351799897966
72,B_then_A,0.026623360001394758,0.03491259300062666
73,B_then_A,0.027585397998336703,0.046520357002009405
74,B_then_A,0.02702299500015215,0.03605935599989607
75,B_then_A,0.027232956999796443,0.03586532299959799
76,B_then_A,0.026664578999771038,0.03480934899926069
77,B_then_A,0.027676685000187717,0.03542530399863608
78,A_then_B,0.027120808998006396,0.0357599470007699
79,B_then_A,0.0301072660004138,0.03677917800087016
80,A_then_B,0.029445119998854352,0.04015187199911452
81,A_then_B,0.02744120299757924,0.035362786999030504
82,A_then_B,0.027463488997454988,0.03511423900272348
83,A_then_B,0.027340934000676498,0.03525123299914412
84,A_then_B,0.026878622000367614,0.03534926299835206
85,B_then_A,0.0272287569969194,0.03533916600281373
86,B_then_A,0.029362657998717623,0.03616752000016277
87,A_then_B,0.028346527000394417,0.03565336600149749
88,A_then_B,0.028281967002840247,0.03595017499901587
89,B_then_A,0.027214850997552276,0.03528540699699079
90,A_then_B,0.027208142000745283,0.03523037999912049
91,B_then_A,0.027007538003090303,0.035389019998547155
92,B_then_A,0.027333745998475933,0.03583479400185752
93,A_then_B,0.027275361000647536,0.035348071000044
94,A_then_B,0.02743790200111107,0.035507666998455534
95,B_then_A,0.02714923000166891,0.03554048600199167
96,A_then_B,0.02781747699918924,0.03634998399866163
97,A_then_B,0.027790652002295246,0.0358400420009275
98,B_then_A,0.0269230689991673,0.03546119699967676
99,B_then_A,0.027230028001213213,0.035205817002861295
100,B_then_A,0.03244337200158043,0.034515387000283226
1,B_then_A,0.027929191001021536,0.03729433400076232
2,B_then_A,0.028442942999390652,0.03684121799960849
3,A_then_B,0.028685911998763913,0.036361330003273906
4,B_then_A,0.02728058699722169,0.03647803200146882
5,A_then_B,0.027517383998201694,0.0357934080020641
6,B_then_A,0.027241693998803385,0.03555227800097782
7,A_then_B,0.028533675998914987,0.03535974999977043
8,B_then_A,0.027771809000114445,0.035406478000368224
9,A_then_B,0.028160384001239436,0.0357165140012512
10,B_then_A,0.030860900002153357,0.035444950000965036
11,B_then_A,0.027796361999207875,0.035165632998541696
12,B_then_A,0.027351217999239452,0.03477863599982811
13,A_then_B,0.026293427999917185,0.03599325600225711
14,B_then_A,0.027170807999937097,0.036046995999640785
15,B_then_A,0.027143982002598932,0.03555819200119004
16,A_then_B,0.027449761000752915,0.03632046500206343
17,B_then_A,0.02738222599873552,0.03588199099976919
18,B_then_A,0.02712623100160272,0.03565463199993246
19,B_then_A,0.026442190999659942,0.03496270300092874
20,A_then_B,0.026517291000345722,0.03457313700346276
21,A_then_B,0.026244431999657536,0.037279225998645416
22,B_then_A,0.027097180998680415,0.03614515400113305
23,A_then_B,0.02730329399855691,0.036282159002439585
24,B_then_A,0.026488383002288174,0.03533204000268597
25,B_then_A,0.027416139000706607,0.03537579199837637
26,A_then_B,0.026723419003246818,0.035742347998166224
27,A_then_B,0.02681343000222114,0.035003422999579925
28,A_then_B,0.026170691999141127,0.0341684550003265
29,B_then_A,0.026153840997722,0.03436877000058303
30,A_then_B,0.026324684000428533,0.035797515000012936
31,B_then_A,0.026872402002481977,0.03498045100059244
32,B_then_A,0.027316771000187146,0.03524750599899562
33,A_then_B,0.027417277997301426,0.035960835997684626
34,B_then_A,0.027011169000616064,0.03509383600248839
35,A_then_B,0.02666093500010902,0.03442009499849519
36,A_then_B,0.026568703000521054,0.03464750199782429
37,B_then_A,0.026424266998219537,0.0344406619988149
38,B_then_A,0.027449379002064234,0.03536641699975007
39,B_then_A,0.02678620999722625,0.03481317000114359
40,B_then_A,0.026633314999344293,0.034398165000311565
41,B_then_A,0.026809864000824746,0.03487530699931085
42,A_then_B,0.02665707000051043,0.03544272799990722
43,B_then_A,0.027398788999562385,0.03516220799792791
44,B_then_A,0.027550615999643924,0.035252885001682444
45,A_then_B,0.031171255999652203,0.035035920001973864
46,A_then_B,0.02648236799723236,0.0347173299996939
47,A_then_B,0.02989988999979687,0.03477103100158274
48,A_then_B,0.026333849000366172,0.035214462001022184
49,A_then_B,0.02692107399707311,0.034997301001567394
50,B_then_A,0.026636896000127308,0.03511360300035449
51,B_then_A,0.026346003000071505,0.034519178996561095
52,A_then_B,0.027194076999876415,0.03455691400085925
53,B_then_A,0.027222008000535425,0.035460660998069216
54,B_then_A,0.026799559000210138,0.035130963999108644
55,B_then_A,0.02782805500100949,0.03588638300061575
56,B_then_A,0.028388654998707352,0.03518306499972823
57,A_then_B,0.02687719800087507,0.03554613999949652
58,B_then_A,0.02743273100350052,0.03593190100218635
59,A_then_B,0.0273615609985427,0.03577812100047595
60,B_then_A,0.027378047998354305,0.0363954169988574
61,B_then_A,0.026631617998646107,0.0358879480008909
62,A_then_B,0.02748831599819823,0.03614827699857415
63,B_then_A,0.027637573999527376,0.03560026099876268
64,A_then_B,0.0272825339998235,0.036623664000217104
65,A_then_B,0.02696469000147772,0.035577446997194784
66,B_then_A,0.027357070001016837,0.03547751999940374
67,A_then_B,0.027725824002118316,0.03520341900002677
68,A_then_B,0.027335104998201132,0.0349308969998674
69,B_then_A,0.026610384000377962,0.03468065099878004
70,A_then_B,0.026521585998125374,0.03560402999937651
71,B_then_A,0.027144992996909423,0.035642242000903934
72,A_then_B,0.02666820200101938,0.03437106300043524
73,A_then_B,0.02631168100197101,0.034727598998870235
74,A_then_B,0.027062467001087498,0.03670912600136944
75,A_then_B,0.026189183998212684,0.03432274399892776
76,A_then_B,0.02635215099871857,0.03468690700174193
77,A_then_B,0.02613227899928461,0.035354503997950815
78,B_then_A,0.026426852000440704,0.03674397600116208
79,A_then_B,0.026884017999691423,0.03423127600035514
80,B_then_A,0.028410554998117732,0.035011433999898145
81,B_then_A,0.03153012199982186,0.037262162997649284
82,B_then_A,0.027615665003395407,0.043240726001386065
83,B_then_A,0.02747752299910644,0.03569186000095215
84,B_then_A,0.026960783998219995,0.03554378899934818
85,A_then_B,0.0271076280005218,0.03543546800210606
86,A_then_B,0.028052694997313665,0.03530902599959518
87,A_then_B,0.02703454600123223,0.03502571300123236
88,A_then_B,0.026975807999406243,0.03612405599778867
89,A_then_B,0.02702326300277491,0.03517485900010797
90,A_then_B,0.02669526399768074,0.03512145700005931
91,B_then_A,0.026246132001688238,0.03463892299987492
92,B_then_A,0.026508345999900484,0.03657898900200962
93,B_then_A,0.02635770500273793,0.034783901002811035
94,A_then_B,0.02657486099997186,0.03439527600130532
95,A_then_B,0.026458811000338756,0.03664125299837906
96,B_then_A,0.026412944000185234,0.03465375599989784
97,B_then_A,0.02807034700163058,0.03507443600028637
98,A_then_B,0.02667055399797391,0.034327143999689724
99,B_then_A,0.026442112000950146,0.03454725000119652
100,B_then_A,0.026863548999244813,0.034888477999629686
1,A_then_B,0.0269560589986213,0.04965561900098692
2,B_then_A,0.026439097000547918,0.03732384999966598
3,B_then_A,0.026885604002018226,0.03594349299964961
4,A_then_B,0.026974887998221675,0.0351678789993457
5,B_then_A,0.02752962099839351,0.034670887998800026
6,B_then_A,0.02709137700003339,0.03516382300222176
7,A_then_B,0.026729134002380306,0.039423049998731585
8,B_then_A,0.03032095700109494,0.03636377300063032
9,A_then_B,0.02685362400006852,0.035010350999073125
10,A_then_B,0.02762673100005486,0.035568048999266466
11,A_then_B,0.028316285999608226,0.035588947001087945
12,B_then_A,0.026823480999155436,0.035324240001500584
13,A_then_B,0.02681062500050757,0.036509786998067284
14,B_then_A,0.02644459899966023,0.035251019999122946
15,B_then_A,0.026477417999558384,0.03639393800040125
16,B_then_A,0.026187834002485033,0.034616876000654884
17,B_then_A,0.02663767900230596,0.034805538001819514
18,B_then_A,0.026151858997764066,0.03453698399971472
19,B_then_A,0.02647929999875487,0.03590745600013179
20,A_then_B,0.026018845001090085,0.03483915399920079
21,A_then_B,0.028216575999977067,0.03445922999890172
22,A_then_B,0.026159704000747297,0.034751780000078725
23,A_then_B,0.02650667400303064,0.034674703998462064
24,B_then_A,0.03457675100071356,0.034890656999778
25,B_then_A,0.026044538000860484,0.034529648000898305
26,A_then_B,0.027088398001069436,0.03514704100234667
27,B_then_A,0.026714414998423308,0.036286395999923116
28,A_then_B,0.02669037400119123,0.035009125000215136
29,A_then_B,0.026751794997835532,0.035026348999963375
30,A_then_B,0.026785899000969948,0.03482083099879674
31,A_then_B,0.026292164002370555,0.034481452999898465
32,A_then_B,0.02602678699986427,0.034839047002606094
33,B_then_A,0.02756293800121057,0.03482880999945337
34,B_then_A,0.027145124000526266,0.03673655100283213
35,A_then_B,0.026860540001507616,0.03525850699952571
36,B_then_A,0.026720014000602532,0.03520643799856771
37,A_then_B,0.026600040997436736,0.035041559996898286
38,A_then_B,0.0267337020013656,0.03601113299737335
39,B_then_A,0.026489534000575077,0.034325225999054965
40,A_then_B,0.026683008996769786,0.034716534999461146
41,A_then_B,0.026479844000277808,0.03473026400024537
42,B_then_A,0.026149945002543973,0.035628590998385334
43,A_then_B,0.0261323890008498,0.03440227099781623
44,A_then_B,0.02661989700209233,0.03517272499811952
45,B_then_A,0.027357885999663267,0.03576161500313901
46,A_then_B,0.02633451200017589,0.034707950999290915
47,A_then_B,0.026247219000651967,0.03603787700194516
48,B_then_A,0.026060462998430012,0.03426639900135342
49,A_then_B,0.02686316600011196,0.034922048998851096
50,A_then_B,0.0274024409991398,0.03486557500218623
51,A_then_B,0.026224200999422465,0.03512179600147647
52,B_then_A,0.026419641999382293,0.0343411699977878
53,B_then_A,0.02710234700134606,0.03516989699710393
54,A_then_B,0.026518852999288356,0.036075762000109535
55,A_then_B,0.033012646999850404,0.03547834100027103
56,A_then_B,0.02681844999824534,0.03478176100179553
57,B_then_A,0.026894279002590338,0.03486260100180516
58,A_then_B,0.026774155998282367,0.0366373079996265
59,A_then_B,0.026483489000383997,0.03419808199760155
60,A_then_B,0.026113387000805233,0.03417741699740873
61,A_then_B,0.02630846899774042,0.034695955997449346
62,B_then_A,0.026148674998694332,0.03485172699947725
63,B_then_A,0.02641466899876832,0.03604344000268611
64,B_then_A,0.027046567000070354,0.03513895600190153
65,A_then_B,0.02736628999991808,0.03464819599685143
66,A_then_B,0.02621737499794108,0.034349857000052
67,B_then_A,0.026854163999814773,0.034495174997573486
68,A_then_B,0.027032624999264954,0.03683020599783049
69,A_then_B,0.026903591002337635,0.03490086199963116
70,B_then_A,0.026681702998757828,0.03443971700107795
71,B_then_A,0.02650171699860948,0.03470725700026378
72,B_then_A,0.026040538999950513,0.03456334099973901
73,A_then_B,0.026188512001681374,0.034187258999736514
74,A_then_B,0.02606589700008044,0.03462859300270793
75,A_then_B,0.027212935998250032,0.03477890399881289
76,A_then_B,0.026679688999138307,0.034233296999445884
77,B_then_A,0.02655179100111127,0.03541750200020033
78,A_then_B,0.027072570999735035,0.034894078999059275
79,A_then_B,0.02692933900107164,0.03553974299939
80,B_then_A,0.026745117000245955,0.03519988200059743
81,A_then_B,0.027080972999101505,0.035623920000944054
82,B_then_A,0.027487458002724452,0.034586073001264594
83,A_then_B,0.026814720000402303,0.035627527999167796
84,B_then_A,0.027259821999905398,0.03692952699930174
85,B_then_A,0.026192414999968605,0.03528868499779492
86,B_then_A,0.026438329001393868,0.034721266998531064
87,B_then_A,0.027572545001021354,0.03469381999821053
88,A_then_B,0.026457449999725213,0.03465196599790943
89,A_then_B,0.02672913599963067,0.03464618400175823
90,B_then_A,0.026728483997430885,0.035937504002504284
91,A_then_B,0.02660991899756482,0.03429381499881856
92,A_then_B,0.02951450399996247,0.034959422002430074
93,B_then_A,0.026618530002451735,0.035417376002442325
94,B_then_A,0.026661356998374686,0.0356333519994223
95,A_then_B,0.026641964999726042,0.03495350900266203
96,B_then_A,0.0262522880002507,0.03536606899797334
97,A_then_B,0.026708550001785625,0.034421139000187395
98,B_then_A,0.02631965399996261,0.03430648799985647
99,A_then_B,0.02809600199907436,0.035924759999033995
100,B_then_A,0.02635231299791485,0.03491781800039462
1,B_then_A,0.02804350400037947,0.03530657500232337
2,A_then_B,0.02700369100057287,0.03590529700159095
3,A_then_B,0.027311417998134857,0.03705673700096668
4,B_then_A,0.027454091999970842,0.03503952900064178
5,A_then_B,0.027171757999894908,0.03457949600124266
6,B_then_A,0.02660121300141327,0.03559860599852982
7,B_then_A,0.02661985399754485,0.03473044599741115
8,A_then_B,0.026310674998967443,0.034316795001359424
9,B_then_A,0.026444450002600206,0.034342503000516444
10,B_then_A,0.027049498003179906,0.03483295100159012
11,B_then_A,0.02651635000074748,0.035104627000691835
12,B_then_A,0.026346083002863452,0.03616035900267889
13,B_then_A,0.027065614998718956,0.03503817900127615
14,A_then_B,0.02679161500054761,0.03539809299763874
15,B_then_A,0.026748385000246344,0.03466969900182448
16,B_then_A,0.026565786996798124,0.03473698800007696
17,B_then_A,0.02616266399854794,0.03472852200138732
18,A_then_B,0.026174988997809123,0.03437224000299466
19,B_then_A,0.026605227001709864,0.03448834399750922
20,A_then_B,0.02717728400239139,0.03573284199956106
21,A_then_B,0.026359195999248186,0.03478286199970171
22,B_then_A,0.026744602000690065,0.03504448400053661
23,B_then_A,0.027222261000133585,0.03644450399951893
24,B_then_A,0.02669768900159397,0.03497338500164915
25,A_then_B,0.026840652997634606,0.03481450599792879
26,B_then_A,0.027070121999713592,0.034632217000762466
27,A_then_B,0.02647218199854251,0.0354497270018328
28,B_then_A,0.027037135001592105,0.03680703699865262
29,A_then_B,0.026263217001542216,0.03458807000060915
30,B_then_A,0.026570539997919695,0.03467726899907575
31,A_then_B,0.026769488002173603,0.034844768000766635
32,A_then_B,0.026368874998297542,0.03420898100011982
33,A_then_B,0.026441897000040626,0.03512884500014479
34,B_then_A,0.026318448999518296,0.034863763001339976
35,B_then_A,0.025908232000801945,0.03432427900042967
36,B_then_A,0.026640348998625996,0.040065563000098336
37,B_then_A,0.026801972999237478,0.03510536999965552
38,A_then_B,0.02621602100043674,0.03436961199986399
39,B_then_A,0.026555600001302082,0.035270771997602424
40,A_then_B,0.02646957599790767,0.04562064199853921
41,B_then_A,0.026068852999742376,0.034951235000335146
42,A_then_B,0.026418502999149496,0.035356979999050964
43,B_then_A,0.02673856299952604,0.03494748199955211
44,A_then_B,0.026591904999804683,0.03443489200071781
45,A_then_B,0.025946930996724404,0.03437265899992781
46,B_then_A,0.02655113800210529,0.03485293999983696
47,A_then_B,0.026937208996969275,0.03646561300047324
48,A_then_B,0.026489689000300132,0.03485789600017597
49,B_then_A,0.027281968999886885,0.0364005810006347
50,B_then_A,0.02618119100225158,0.03489574099876336
51,A_then_B,0.026363140998000745,0.03527056399980211
52,A_then_B,0.02673233200039249,0.034719846000371035
53,A_then_B,0.026780052001413424,0.03554998200343107
54,B_then_A,0.026532814001257066,0.03485593599907588
55,B_then_A,0.02614201400137972,0.03470504799770424
56,A_then_B,0.028328049997071503,0.03522910700121429
57,B_then_A,0.02748836300088442,0.035937328000727575
58,A_then_B,0.02607912199891871,0.03466109099827008
59,B_then_A,0.026385084001958603,0.03434341499814764
60,B_then_A,0.027650953001284506,0.03511381000134861
61,B_then_A,0.02617672999986098,0.03563962099724449
62,B_then_A,0.026264575000823243,0.03533619800145971
63,A_then_B,0.02704562500002794,0.036043750998942414
64,A_then_B,0.02684941500046989,0.035236243002145784
65,A_then_B,0.02660599400041974,0.034429587998602074
66,A_then_B,0.026446992000273895,0.03486362699914025
67,A_then_B,0.02671807499791612,0.034446598998329137
68,B_then_A,0.026393950000056066,0.03473931899861782
69,A_then_B,0.027239459999691462,0.035256544997537276
70,B_then_A,0.026756852999824332,0.03559767600017949
71,B_then_A,0.026834346001123777,0.035088299999188166
72,B_then_A,0.02657325800100807,0.034511293000832666
73,B_then_A,0.0272157409999636,0.04541359100039699
74,B_then_A,0.026480103002541,0.03480680900247535
75,A_then_B,0.026587970998662058,0.03514397000253666
76,A_then_B,0.026784314002725296,0.03433862699966994
77,A_then_B,0.0274519490012608,0.034817533000023104
78,A_then_B,0.027849142999912146,0.03601459600031376
79,A_then_B,0.02692060300250887,0.03469393200066406
80,B_then_A,0.026725004998297663,0.0347185120008362
81,B_then_A,0.026324424001359148,0.034600753999256995
82,B_then_A,0.02647618999981205,0.03458865599895944
83,B_then_A,0.026667045000067446,0.03448675199979334
84,B_then_A,0.027419920999818714,0.03501102199879824
85,A_then_B,0.02694157199948677,0.0345211490021029
86,B_then_A,0.027240297000389546,0.035046054999838816
87,B_then_A,0.027247591002378613,0.04650633100027335
88,A_then_B,0.02687043699916103,0.034815248000086285
89,A_then_B,0.02631584200207726,0.035915579999709735
90,A_then_B,0.026481335997232236,0.03508934799901908
91,A_then_B,0.02736815000025672,0.035220693000155734
92,A_then_B,0.026721780999650946,0.04541023600177141
93,A_then_B,0.02643239499957417,0.03513163000025088
94,A_then_B,0.026713254999776836,0.03441523099900223
95,A_then_B,0.02618958299717633,0.03554403800080763
96,B_then_A,0.02655090400003246,0.035346583998034475
97,A_then_B,0.02608721100114053,0.035026983998250216
98,A_then_B,0.026943548997223843,0.0357796429998416
99,B_then_A,0.02662399100154289,0.03539161200023955
100,A_then_B,0.02727553499789792,0.03510885099967709
1,B_then_A,0.026554512998700375,0.03524918000039179
2,B_then_A,0.026608180000039283,0.03453810599967255
3,B_then_A,0.026386687000922393,0.03660746899913647
4,A_then_B,0.02723360100208083,0.03468969900131924
5,A_then_B,0.02632588499909616,0.034407997998641804
6,B_then_A,0.027110030001495034,0.03441980500065256
7,A_then_B,0.026467331997992005,0.0348024759987311
8,A_then_B,0.026644004999980098,0.03432426500148722
9,B_then_A,0.026494601002923446,0.0344643009993888
10,A_then_B,0.026697236000472913,0.03530246599984821
11,B_then_A,0.02680006599985063,0.03489091300070868
12,A_then_B,0.026575216001219815,0.03457513600005768
13,A_then_B,0.026196684000751702,0.03450184300163528
14,B_then_A,0.027169737997610355,0.034940699999424396
15,B_then_A,0.02675286800149479,0.03653255999961402
16,A_then_B,0.026626139999279985,0.03452624299825402
17,B_then_A,0.026116383000044152,0.03459596699758549
18,B_then_A,0.027536445999430725,0.03501875900110463
19,B_then_A,0.026708941000833875,0.035414050002145814
20,B_then_A,0.026798653001606,0.03468442499797675
21,B_then_A,0.02640157300265855,0.03563198800111422
22,A_then_B,0.026257401001203107,0.03456628500134684
23,B_then_A,0.027899274999072077,0.035321616000146605
24,B_then_A,0.026646242000424536,0.03498191800099448
25,A_then_B,0.026894041999184992,0.035017646001506364
26,B_then_A,0.026189484997303225,0.034402171997498954
27,A_then_B,0.02632311300112633,0.035016726000321796
28,B_then_A,0.026669240000046557,0.034719269002380315
29,B_then_A,0.026597501997457584,0.035131347001879476
30,B_then_A,0.026829190999706043,0.034453382999345195
31,A_then_B,0.026563855000858894,0.03500691899898811
32,A_then_B,0.026236131001496688,0.034347580000030575
33,A_then_B,0.026793479999469128,0.03503425899907597
34,B_then_A,0.026866090000112308,0.03675865600234829
35,B_then_A,0.02672567599802278,0.03477767100048368
36,B_then_A,0.026070473999425303,0.03494513600162463
37,B_then_A,0.026478673000383424,0.035263450001366436
38,A_then_B,0.027419319998443825,0.034265350997884525
39,B_then_A,0.02626880599927972,0.03500121599790873
40,A_then_B,0.02604367199819535,0.03443661599885672
41,B_then_A,0.02661560799970175,0.03488903799734544
42,A_then_B,0.026266136999765877,0.03474964299675776
43,B_then_A,0.02648861900161137,0.034658888002013555
44,A_then_B,0.026378274997114204,0.03500213200095459
45,B_then_A,0.026939318999211537,0.03457787299703341
46,A_then_B,0.026655914000002667,0.035056680000707274
47,B_then_A,0.0269397360025323,0.03515537099883659
48,A_then_B,0.026885751001827884,0.03507858800003305
49,A_then_B,0.026611859997501597,0.035181896997528384
50,A_then_B,0.026548572001047432,0.03515647500171326
51,B_then_A,0.026261859999067383,0.03539743899818859
52,A_then_B,0.02605771000162349,0.03449831600300968
53,A_then_B,0.026072741999087157,0.03434721499797888
54,B_then_A,0.02690824899764266,0.03520186799869407
55,A_then_B,0.0265085060018464,0.034475145002943464
56,A_then_B,0.026411369999550516,0.03470407300119405
57,B_then_A,0.027561613998841494,0.03599287299948628
58,B_then_A,0.026434973002324114,0.03486321800301084
59,A_then_B,0.0262338649990852,0.0343960979989788
60,B_then_A,0.02778777200001059,0.03491675500117708
61,A_then_B,0.026618215000780765,0.035960250002972316
62,A_then_B,0.027071282001998043,0.034239592001540586
63,A_then_B,0.026800548999744933,0.03558897900074953
64,A_then_B,0.027283495001029223,0.03499286200167262
65,A_then_B,0.031227749001118354,0.035298266000609146
66,A_then_B,0.026767650997499004,0.03468564300055732
67,A_then_B,0.026522410997131374,0.03458503000001656
68,B_then_A,0.026826688001165166,0.03494567799862125
69,B_then_A,0.02670154699808336,0.03614816799745313
70,A_then_B,0.0271531030011829,0.03497419300038018
71,A_then_B,0.026556745000561932,0.03446764700129279
72,B_then_A,0.026758225001685787,0.034951200999785215
73,B_then_A,0.026337683000747347,0.03481628900044598
74,B_then_A,0.026707537999755004,0.03433825100000831
75,A_then_B,0.026684969998314045,0.03486145500210114
76,B_then_A,0.026657430000341265,0.034710373998677824
77,B_then_A,0.03203498400034732,0.03458411799874739
78,B_then_A,0.02970762599943555,0.03443099799915217
79,B_then_A,0.026589190998492995,0.03493288299796404
80,A_then_B,0.026126699001906672,0.03471637500115321
81,A_then_B,0.026128014997084392,0.03439011700174888
82,B_then_A,0.026513837998209056,0.03503198999896995
83,A_then_B,0.02631665700027952,0.034960444001626456
84,B_then_A,0.026707294000516413,0.03492327400090289
85,A_then_B,0.0267805129988119,0.0354780009984097
86,B_then_A,0.026756029998068698,0.03731133800101816
87,A_then_B,0.026582242997392314,0.03508635899925139
88,A_then_B,0.026961008999933256,0.03544103600142989
89,A_then_B,0.02741210399835836,0.03472314499958884
90,B_then_A,0.02702256599877728,0.03432747500119149
91,B_then_A,0.026833943000383442,0.03502029200171819
92,B_then_A,0.02673201300058281,0.03504645900102332
93,B_then_A,0.02638834599929396,0.036894855002174154
94,A_then_B,0.026997328001016285,0.03465017900089151
95,A_then_B,0.02656739799931529,0.03481889899921953
96,B_then_A,0.02707269400343648,0.035042567000346025
97,A_then_B,0.02668141699905391,0.03457448600238422
98,A_then_B,0.02635766100138426,0.03467236399956164
99,B_then_A,0.02654546499979915,0.03523494800174376
100,A_then_B,0.026793439999892144,0.03454891099681845
1,A_then_B,0.02657868300229893,0.03510102400105097
2,A_then_B,0.027440695997938747,0.0347761779994471
3,B_then_A,0.027906190000067,0.03464133300076355
4,A_then_B,0.026608075000694953,0.034538394000264816
5,A_then_B,0.02801961799923447,0.03477476099942578
6,A_then_B,0.02613154499704251,0.03449419099706574
7,A_then_B,0.026830233000509907,0.03459823099910864
8,A_then_B,0.02652737199969124,0.034649984998395666
9,A_then_B,0.029426398999930825,0.03495982999811531
10,B_then_A,0.02655839399812976,0.03451254599713138
11,A_then_B,0.02632768900002702,0.034476284999982454
12,A_then_B,0.026077144997543655,0.0344396480031719
13,A_then_B,0.026496017999306787,0.03512061699802871
14,A_then_B,0.026379593000456225,0.034616264998476254
15,A_then_B,0.026584253999317298,0.035167464997357456
16,B_then_A,0.026549526999588124,0.03499622999879648
17,A_then_B,0.02646823599934578,0.047586587999830954
18,B_then_A,0.026702799998020055,0.03492599700257415
19,A_then_B,0.02673891200174694,0.03436311099721934
20,B_then_A,0.02643635000276845,0.034364130999165354
21,B_then_A,0.02709728900299524,0.03493412299940246
22,B_then_A,0.02640016399891465,0.03523306399802095
23,B_then_A,0.026254454998706933,0.03441462699993281
24,A_then_B,0.02705885099931038,0.03477875000316999
25,A_then_B,0.02624945400020806,0.03588294699875405
26,B_then_A,0.026534135002293624,0.03455800599840586
27,A_then_B,0.02652127799956361,0.034561558000859804
28,A_then_B,0.026449861001310637,0.034897738998552086
29,B_then_A,0.026493981000385247,0.03444221600148012
30,B_then_A,0.026145250998524716,0.03427202799866791
31,A_then_B,0.026994781001121737,0.034575135996419704
32,B_then_A,0.026401483999507036,0.03503489600188914
33,B_then_A,0.02656173899958958,0.03485168400220573
34,A_then_B,0.026425673000630923,0.034412589000567095
35,A_then_B,0.026102572002855595,0.034508429998822976
36,A_then_B,0.02706331700028386,0.0347748189997219
37,A_then_B,0.027079481002147077,0.03553575100158923
38,A_then_B,0.02803844099980779,0.035836122999171494
39,A_then_B,0.027142679999087704,0.036026960999151925
40,B_then_A,0.02697507700213464,0.0350879920006264
41,B_then_A,0.026936332000332186,0.034917338998639025
42,A_then_B,0.026774666999699548,0.03486785499990219
43,A_then_B,0.026450552999449428,0.03498407900042366
44,A_then_B,0.026736371997685637,0.03448273699905258
45,B_then_A,0.026334598998801084,0.03474741099853418
46,B_then_A,0.026934958001220366,0.036016050002217526
47,B_then_A,0.02629934800279443,0.03455270099948393
48,A_then_B,0.026317775998904835,0.03749037300076452
49,A_then_B,0.027947459002461983,0.03518824800266884
50,B_then_A,0.026280574998963857,0.03461687899834942
51,A_then_B,0.026212185999611393,0.03516372299782233
52,B_then_A,0.02658350600177073,0.034601489001943264
53,A_then_B,0.0267853789991932,0.03501571999731823
54,A_then_B,0.026817100999323884,0.03507700800037128
55,A_then_B,0.026450188997841906,0.03444322399809607
56,B_then_A,0.026551860002655303,0.034251591001520865
57,A_then_B,0.026331671000662027,0.035135774000082165
58,B_then_A,0.02645914800086757,0.03453742700003204
59,B_then_A,0.0266391820005083,0.03437292400121805
60,A_then_B,0.027046389997849474,0.0345175710026524
61,A_then_B,0.026915561000350863,0.03580047500145156
62,B_then_A,0.02608622800107696,0.03472106000117492
63,B_then_A,0.026702514998760307,0.03465258600044763
64,B_then_A,0.02680293299999903,0.035340238002390834
65,B_then_A,0.026072795000800397,0.03486743500252487
66,A_then_B,0.02624020200164523,0.03447743400101899
67,A_then_B,0.026518714999838267,0.03459848100101226
68,B_then_A,0.02645424200090929,0.0343853720005427
69,A_then_B,0.026097789999766974,0.03449976699994295
70,B_then_A,0.026708023997343844,0.03464187099962146
71,A_then_B,0.026572056998702465,0.035333396001078654
72,A_then_B,0.02639667599942186,0.03560176999963005
73,B_then_A,0.027130383998155594,0.03693975499845692
74,A_then_B,0.027061471999331843,0.03539285300212214
75,A_then_B,0.02713300599862123,0.03505109999969136
76,B_then_A,0.026177431998803513,0.0348627019993728
77,A_then_B,0.026598051998007577,0.03498669400141807
78,B_then_A,0.026420979997055838,0.04330134699921473
79,B_then_A,0.02739566099990043,0.03546598400134826
80,B_then_A,0.026793704000738217,0.035042562001763145
81,A_then_B,0.02603065600123955,0.03506633899814915
82,B_then_A,0.0263033120027103,0.034940837998874485
83,A_then_B,0.026420616999530466,0.03435440600151196
84,A_then_B,0.02632516399899032,0.03471222900043358
85,A_then_B,0.026846544998988975,0.034918979999929434
86,A_then_B,0.0269972019996203,0.035246309998910874
87,A_then_B,0.03004961300030118,0.03650467599800322
88,A_then_B,0.026099298000190174,0.0345755009984714
89,B_then_A,0.02620752800066839,0.03452809600275941
90,A_then_B,0.026980108999850927,0.035433937002380844
91,B_then_A,0.027191700999537716,0.03549637700052699
92,B_then_A,0.02747821399680106,0.03568957999959821
93,A_then_B,0.028052123001543805,0.03598372199849109
94,B_then_A,0.027111764000437688,0.03583930699824123
95,A_then_B,0.026884935999987647,0.035480696002196055
96,B_then_A,0.026787777998833917,0.03511021599842934
97,B_then_A,0.02654855599757866,0.034800533001543954
98,A_then_B,0.026802759999554837,0.03459772099813563
99,A_then_B,0.026433193997945637,0.03535091500089038
100,B_then_A,0.026563268998870626,0.035003648001293186
1,B_then_A,0.026420399997732602,0.03491588700126158
2,A_then_B,0.02644138899995596,0.0346699930014438
3,B_then_A,0.026066484999319073,0.03433222199964803
4,A_then_B,0.02606915499927709,0.03500622999854386
5,B_then_A,0.026632356999471085,0.034712693999608746
6,A_then_B,0.026287807999324286,0.0348862549981277
7,A_then_B,0.026271221999195404,0.0342746559981606
8,B_then_A,0.02774033499736106,0.03462859800129081
9,A_then_B,0.027451785001176177,0.03522433200123487
10,A_then_B,0.02666181800304912,0.03423854399807169
11,A_then_B,0.02658418400096707,0.03485262899994268
12,A_then_B,0.027026209001633106,0.035068602999672294
13,B_then_A,0.02655222500106902,0.03458898199824034
14,A_then_B,0.027387427999201464,0.03512072299781721
15,B_then_A,0.027751951998652657,0.035088938999251695
16,A_then_B,0.02712230999895837,0.03469958899950143
17,B_then_A,0.025965278000512626,0.03480710899748374
18,A_then_B,0.026388253998447908,0.03534271700118552
19,A_then_B,0.027572993996727746,0.03453078500024276
20,A_then_B,0.026062038999953074,0.03558359300222946
21,A_then_B,0.02656016499895486,0.03482797700053197
22,B_then_A,0.02612765099911485,0.03541705699899467
23,B_then_A,0.026399402999231825,0.034516474002884934
24,A_then_B,0.027657249000185402,0.03565670199895976
25,B_then_A,0.02709524199963198,0.0356975640024757
26,A_then_B,0.027056227998400573,0.03489481300130137
27,B_then_A,0.02747418299986748,0.035217779000959126
28,A_then_B,0.02740079600334866,0.03500629400150501
29,A_then_B,0.026512885000556707,0.034416897000483004
30,B_then_A,0.02655629500077339,0.03436826899996959
31,B_then_A,0.027561480997974286,0.03566305699860095
32,B_then_A,0.026333150002756156,0.03515922900260193
33,B_then_A,0.026443488997756504,0.034176681998360436
34,B_then_A,0.026046314000268467,0.03452874299910036
35,B_then_A,0.02676993000204675,0.03489001600246411
36,A_then_B,0.02594201899773907,0.03411117100040428
37,B_then_A,0.026427411998156458,0.0342132700025104
38,B_then_A,0.027380286999687087,0.03550550900035887
39,A_then_B,0.027326093000738183,0.034909609999886015
40,B_then_A,0.027123003997985506,0.03523167499952251
41,A_then_B,0.026253858999552904,0.034687334002228454
42,A_then_B,0.026498824001464527,0.03442783600257826
43,A_then_B,0.026043051002488937,0.03438698700119858
44,A_then_B,0.02648272300211829,0.035811117999401176
45,A_then_B,0.027392895997763844,0.0350889380024455
46,A_then_B,0.02668836000157171,0.034816655999748036
47,A_then_B,0.02744932000132394,0.035628220000944566
48,B_then_A,0.02664665400152444,0.03542716800075141
49,A_then_B,0.0266540399970836,0.03484063299765694
50,B_then_A,0.026415002001158427,0.03450658599831513
51,B_then_A,0.026654387002054136,0.035580086998379556
52,A_then_B,0.02604856800098787,0.03421861400056514
53,B_then_A,0.02634043299985933,0.034260232001543045
54,B_then_A,0.02683361199888168,0.03511753199927625
55,B_then_A,0.02605754199976218,0.03463372700207401
56,B_then_A,0.026992312999936985,0.034520139000960626
57,B_then_A,0.026879434000875335,0.0353623900009552
58,A_then_B,0.027013882998289773,0.034629473000677535
59,A_then_B,0.026929374998871936,0.035415676997217815
60,B_then_A,0.02675275900037377,0.035238466000009794
61,A_then_B,0.027099281000118935,0.03523675199903664
62,B_then_A,0.02727945699734846,0.035498956000083126
63,B_then_A,0.02675072499914677,0.035730835999856936
64,A_then_B,0.026084684999659657,0.03448046799894655
65,A_then_B,0.027616838000540156,0.034892833999037975
66,B_then_A,0.02623838799991063,0.034500819998356747
67,B_then_A,0.02674801099783508,0.0348828459973447
68,B_then_A,0.02674788699732744,0.03555697800038615
69,B_then_A,0.02634123899770202,0.03464232099941
70,B_then_A,0.026423928000440355,0.034737360998406075
71,A_then_B,0.026243707001412986,0.0349710859991319
72,A_then_B,0.02680618199883611,0.03443626800071797
73,B_then_A,0.026456658997631166,0.0356172699976014
74,B_then_A,0.027147056000103476,0.03475056599927484
75,B_then_A,0.026526976998866303,0.03541237700119382
76,B_then_A,0.026122888000827515,0.034505203999287914
77,A_then_B,0.026036658997327322,0.03519079800025793
78,A_then_B,0.027533952001249418,0.03509954899709555
79,A_then_B,0.02680880200205138,0.03506317999926978
80,A_then_B,0.026988076999259647,0.03467802700106404
81,A_then_B,0.026161044999753358,0.03843571499965037
82,A_then_B,0.02655117999893264,0.03474886700132629
83,A_then_B,0.02605541000230005,0.034745387001748895
84,A_then_B,0.02646070300033898,0.03506591400218895
85,A_then_B,0.02615324499856797,0.03430323399879853
86,A_then_B,0.026661906002118485,0.034348843997577205
87,A_then_B,0.028407892998075113,0.042637129001377616
88,B_then_A,0.02654002100098296,0.03515134900226258
89,B_then_A,0.02658980299747782,0.03486370300015551
90,A_then_B,0.027272889001324074,0.03514741800245247
91,B_then_A,0.02682886500042514,0.03513734599982854
92,B_then_A,0.02661978700052714,0.03467544999875827
93,A_then_B,0.026543846001004567,0.03444062299968209
94,A_then_B,0.026174612001341302,0.03495095399921411
95,B_then_A,0.02673428799971589,0.03529909700228018
96,B_then_A,0.026383881999208825,0.034817285999452
97,B_then_A,0.02697586000067531,0.034536561001004884
98,B_then_A,0.026620584998454433,0.03499695500067901
99,B_then_A,0.02696677399944747,0.03533532800065586
100,A_then_B,0.02661475300192251,0.03636201300105313
1,B_then_A,0.02740113900290453,0.03514523800185998
2,A_then_B,0.026227202000882244,0.03430284800197114
3,A_then_B,0.02622811599940178,0.03500759499729611
4,B_then_A,0.02687911600150983,0.03465186700123013
5,A_then_B,0.026303066999389557,0.03430074300194974
6,A_then_B,0.026090235998708522,0.03424592599913012
7,A_then_B,0.02773520600021584,0.035379812001337996
8,B_then_A,0.026648183000361314,0.03520611400017515
9,B_then_A,0.027503657001943793,0.03481129299689201
10,A_then_B,0.02697396500298055,0.03452037000170094
11,B_then_A,0.026042257999506546,0.03429436900114524
12,B_then_A,0.02690140800041263,0.03482391100260429
13,A_then_B,0.02684725299695856,0.03502403200036497
14,A_then_B,0.026719166002294514,0.03485740600081044
15,A_then_B,0.02731044999745791,0.035738399001274956
16,B_then_A,0.026802582997333957,0.035101268000289565
17,B_then_A,0.027046439001424005,0.03483503199822735
18,B_then_A,0.027043819998652907,0.0345974589981779
19,B_then_A,0.026892615998804104,0.03472635599973728
20,B_then_A,0.02662822799902642,0.03463011100029689
21,B_then_A,0.02702080499875592,0.035016347999771824
22,A_then_B,0.026393468000605935,0.03498160500021186
23,A_then_B,0.02670228699935251,0.03498131899686996
24,B_then_A,0.02637767700070981,0.035118081999826245
25,B_then_A,0.026268869001796702,0.03486877099931007
26,B_then_A,0.027379546998417936,0.03496987300241017
27,B_then_A,0.034073832001013216,0.035234434999438236
28,B_then_A,0.02660172700052499,0.037880061001487775
29,B_then_A,0.0263217630017607,0.03517479099900811
30,B_then_A,0.02666942199721234,0.03472509299899684
31,A_then_B,0.02619655899979989,0.03490751099889167
32,A_then_B,0.02658954200160224,0.03501155900084996
33,A_then_B,0.026264909000019543,0.03448463799941237
34,B_then_A,0.02701838099892484,0.0349286780001421
35,B_then_A,0.02682898499915609,0.03556392400059849
36,A_then_B,0.027269810998404864,0.035678585001733154
37,A_then_B,0.025900126001943136,0.0349848359983298
38,A_then_B,0.026445489002071554,0.03493318799883127
39,A_then_B,0.027051501998357708,0.03534215399849927
40,B_then_A,0.026695477001339896,0.034757587000058265
41,A_then_B,0.026298497003153898,0.035003159999178024
42,B_then_A,0.026464968999789562,0.0352318639997975
43,A_then_B,0.02632064600038575,0.03443696799877216
44,B_then_A,0.026691811999626225,0.0346617340001103
45,A_then_B,0.026395169999887003,0.03528192999874591
46,B_then_A,0.026202945002296474,0.0353952190016571
47,B_then_A,0.02729805999842938,0.03689002300234279
48,B_then_A,0.026915203998214565,0.03935567300140974
49,B_then_A,0.026743884998722933,0.035387158997764345
50,B_then_A,0.02656745899730595,0.03521290299977409
51,A_then_B,0.026702905001002364,0.03472736799812992
52,B_then_A,0.02621581600033096,0.03476466400024947
53,B_then_A,0.026254547999997158,0.034415180001815315
54,A_then_B,0.026846177999686915,0.03452168800140498
55,A_then_B,0.02660964900132967,0.03494029200010118
56,B_then_A,0.026686917000915855,0.034931319001771044
57,A_then_B,0.026666247998946346,0.034588397000334226
58,A_then_B,0.027060978001827607,0.034883043001173064
59,B_then_A,0.0267217159998836,0.03480952799873194
60,B_then_A,0.026219456998660462,0.03440011299971957
61,B_then_A,0.0267656830001215,0.03460638099932112
62,B_then_A,0.02615664200129686,0.03478163099862286
63,B_then_A,0.02656747500077472,0.03610594800193212
64,A_then_B,0.02628276199902757,0.034653659000468906
65,A_then_B,0.027142769999045413,0.034542884000984486
66,A_then_B,0.026054804999148473,0.034425871999701485
67,A_then_B,0.026291988000593847,0.03510923000067123
68,A_then_B,0.02689609799926984,0.034883706000982784
69,B_then_A,0.026641054999345215,0.03469179800231359
70,B_then_A,0.029016484000749188,0.03575534799892921
71,B_then_A,0.0309642989996064,0.038189490998775
72,A_then_B,0.03249414500169223,0.04048744900137535
73,B_then_A,0.026551450999249937,0.034640151003259234
74,A_then_B,0.027924384998186724,0.03808365399891045
75,B_then_A,0.03185412099992391,0.034706210000877036
76,B_then_A,0.02635523299977649,0.034674059999815654
77,B_then_A,0.027638554998702602,0.03477292300158297
78,A_then_B,0.026151530000788625,0.034247897998284316
79,B_then_A,0.027881090998562286,0.0359643439987849
80,B_then_A,0.026847421999264043,0.035250609998911386
81,B_then_A,0.02613236099932692,0.03454378699825611
82,B_then_A,0.026743903999886243,0.03488563100108877
83,A_then_B,0.02651557199715171,0.03565255099965725
84,B_then_A,0.026780954001878854,0.0366821349998645
85,A_then_B,0.02620779000062612,0.03477131099862163
86,A_then_B,0.026621799002896296,0.035678860996995354
87,A_then_B,0.026869532001001062,0.03495360900342348
88,B_then_A,0.02616442399812513,0.03447123200021451
89,A_then_B,0.02613268500135746,0.03474282699971809
90,A_then_B,0.02755671599879861,0.03483725399928517
91,B_then_A,0.026522181997279404,0.03431791299954057
92,B_then_A,0.026771852000820218,0.03446538700154633
93,A_then_B,0.02652553899679333,0.034878850001405226
94,A_then_B,0.026944482000544667,0.04152424099811469
95,A_then_B,0.026193646001047455,0.035899391001294134
96,B_then_A,0.026994502000889042,0.0347149189983611
97,A_then_B,0.027484491001814604,0.03579887300293194
98,B_then_A,0.026591120000375668,0.034360155998001574
99,A_then_B,0.026823822998267133,0.03477206100069452
100,B_then_A,0.02631069299968658,0.034571314998174785
1,A_then_B,0.027827040998090524,0.03590789200097788
2,A_then_B,0.02665603399873362,0.03467112799989991
3,A_then_B,0.02670761700210278,0.0346567540000251
4,B_then_A,0.02705688100104453,0.035035401000641286
5,A_then_B,0.026178834999882383,0.034265704001882114
6,A_then_B,0.026449627002875786,0.03456838700003573
7,A_then_B,0.026964093998685712,0.03466347599896835
8,B_then_A,0.02610112799811759,0.03452507499969215
9,A_then_B,0.027180281998880673,0.0353554979992623
10,B_then_A,0.0266290379986458,0.03528240500236279
11,B_then_A,0.027031441997678485,0.03491391700299573
12,A_then_B,0.026701769998908276,0.034919862999231555
13,B_then_A,0.02669772700028261,0.034557668997877045
14,A_then_B,0.026879495999310166,0.03469171100005042
15,A_then_B,0.02646901400294155,0.03638814699661452
16,B_then_A,0.02635522900163778,0.03469829599998775
17,A_then_B,0.026088983002409805,0.03492582400212996
18,A_then_B,0.026327945000957698,0.03438957400067011
19,B_then_A,0.027244245997280814,0.03485390700006974
20,A_then_B,0.026538564001384657,0.035354800002096454
21,A_then_B,0.026869493998674443,0.03482777099998202
22,A_then_B,0.026521075997152366,0.03473825500259409
23,A_then_B,0.026296034000552027,0.03460812800040003
24,B_then_A,0.027028704000258585,0.03510199599986663
25,A_then_B,0.026621875000273576,0.03424363500016625
26,A_then_B,0.02639715800250997,0.03501366799901007
27,B_then_A,0.028691380997770466,0.03552953400139813
28,B_then_A,0.027741462999983924,0.0358524680013943
29,B_then_A,0.027243451000686036,0.035941515998274554
30,B_then_A,0.02990371200212394,0.03648302000146941
31,A_then_B,0.027462424000987085,0.03559344799941755
32,A_then_B,0.02779628300049808,0.03533210100067663
33,B_then_A,0.027790131000074325,0.03537489399968763
34,B_then_A,0.026585603998682927,0.03511877500204719
35,A_then_B,0.026614435999363195,0.03420398199887131
36,B_then_A,0.026505239999096375,0.03422188100012136
37,B_then_A,0.02695824400143465,0.03512427299938281
38,B_then_A,0.026516795998759335,0.03461337999760872
39,A_then_B,0.02612433999820496,0.034613642001204425
40,B_then_A,0.02689506699971389,0.035077058000752004
41,B_then_A,0.026553006002359325,0.03573508800036507
42,A_then_B,0.026987670000380604,0.0348050639986468
43,B_then_A,0.027106514000479365,0.035053450003033504
44,A_then_B,0.02690084600180853,0.03627913600212196
45,A_then_B,0.027777191000495804,0.03568657499999972
46,A_then_B,0.027707585999451112,0.03526125300049898
47,A_then_B,0.028212176999659277,0.035786321001069155
48,A_then_B,0.027658758001052774,0.03568476199870929
49,B_then_A,0.02691473500090069,0.035379410997848026
50,B_then_A,0.02673017600318417,0.04102586500084726
51,B_then_A,0.027042860001529334,0.03554291100226692
52,B_then_A,0.027043450998462504,0.042496699999901466
53,B_then_A,0.026536411001870874,0.034744313001283444
54,B_then_A,0.027324386002874235,0.035312006999447476
55,A_then_B,0.026977951998560457,0.03526071200030856
56,A_then_B,0.02687727000011364,0.03459820900025079
57,B_then_A,0.027123944000777556,0.03498214700084645
58,B_then_A,0.026543128999037435,0.03476559599948814
59,B_then_A,0.02745808399777161,0.04050133200144046
60,A_then_B,0.02703181700053392,0.03517832700163126
61,A_then_B,0.02686169099979452,0.035068755998509005
62,B_then_A,0.02655691600011778,0.03477144399948884
63,B_then_A,0.026735639999969862,0.03574158199990052
64,B_then_A,0.027568256002268754,0.03465360300106113
65,A_then_B,0.02705591800258844,0.03490048800085788
66,A_then_B,0.026627007999195484,0.036315845001809066
67,B_then_A,0.026815234999958193,0.035838009000144666
68,B_then_A,0.027744103001168696,0.03499461400133441
69,B_then_A,0.026371648000349523,0.035259945998404874
70,A_then_B,0.02647360500122886,0.03471317199728219
71,A_then_B,0.02653442900191294,0.034765591997711454
72,B_then_A,0.026046074999612756,0.034401566997985356
73,A_then_B,0.02623541700086207,0.034927984001114964
74,B_then_A,0.026262499999575084,0.034720824001851724
75,B_then_A,0.02646228600133327,0.03428864699890255
76,A_then_B,0.026386839999759104,0.04037689600227168
77,A_then_B,0.029548544000135735,0.03476817599948845
78,B_then_A,0.02687818200138281,0.03481234399805544
79,A_then_B,0.02687020799930906,0.035497305001626955
80,A_then_B,0.02649105800082907,0.03484698000102071
81,A_then_B,0.02648743099780404,0.0364120609992824
82,B_then_A,0.026908457999525126,0.03566531500109704
83,B_then_A,0.026710432997788303,0.03451275200131931
84,A_then_B,0.02757525799825089,0.03471658600028604
85,A_then_B,0.026670928997191368,0.03449047200047062
86,B_then_A,0.025961637998989318,0.03439985200020601
87,A_then_B,0.02639345599891385,0.034968072999618016
88,A_then_B,0.027093567998235812,0.035276493999845115
89,B_then_A,0.026997745997505262,0.035507968001184054
90,B_then_A,0.026660207000531955,0.03516720799962059
91,A_then_B,0.026619865002430743,0.03462849799689138
92,A_then_B,0.026728507000370882,0.03498039400074049
93,A_then_B,0.02667039999869303,0.03497469400099362
94,B_then_A,0.02714885699970182,0.035205792999477126
95,B_then_A,0.027235404999373714,0.03487073900032556
96,B_then_A,0.026890599001490045,0.03547131899904343
97,B_then_A,0.02610839000044507,0.03442500500023016
98,A_then_B,0.02650720399833517,0.0348964619988692
99,B_then_A,0.02659174599830294,0.03529320600136998
100,B_then_A,0.027091611998912413,0.034946984000271186
1,A_then_B,0.02662364700154285,0.034938924000016414
2,A_then_B,0.027234671000769595,0.035897874000511365
3,A_then_B,0.026936569000099553,0.03544016500018188
4,B_then_A,0.02638598500197986,0.035026163001020905
5,A_then_B,0.026401003000501078,0.03452732999721775
6,B_then_A,0.028765637001924915,0.03477997499794583
7,A_then_B,0.02609720999680576,0.03455667999878642
8,B_then_A,0.026027075000456534,0.03438323699811008
9,B_then_A,0.026910693999525392,0.034735265999188414
10,B_then_A,0.026544907999777934,0.035432505999779096
11,B_then_A,0.02669742200305336,0.03472259499903885
12,B_then_A,0.026933813001960516,0.03475535699908505
13,A_then_B,0.026437740998517256,0.03452720600034809
14,A_then_B,0.027047028997913003,0.035678489999554586
15,B_then_A,0.026405267999507487,0.03508992899878649
16,A_then_B,0.026556679000350414,0.03520229199784808
17,A_then_B,0.02621542400083854,0.0343733230001817
18,B_then_A,0.0275441209996643,0.034874020999268396
19,B_then_A,0.026647923998098122,0.03505241599850706
20,B_then_A,0.026175319002504693,0.03476874099942506
21,B_then_A,0.0263953700014099,0.034347609001997625
22,A_then_B,0.026304723000066588,0.03531622700029402
23,A_then_B,0.026928081002552062,0.034963669000717346
24,A_then_B,0.026105611999810208,0.03436921399770654
25,B_then_A,0.02675956200255314,0.03454362999764271
26,A_then_B,0.026559227000689134,0.03587005800000043
27,A_then_B,0.02647381399947335,0.034421587999531766
28,A_then_B,0.027178503998584347,0.03667358800157672
29,A_then_B,0.027470803001051536,0.035049299000093015
30,A_then_B,0.02616120799939381,0.03631217200018
31,A_then_B,0.026743423997686477,0.03480014399974607
32,A_then_B,0.0265258260005794,0.034768762001476716
33,A_then_B,0.026178086001891643,0.03480277900234796
34,B_then_A,0.02709358200081624,0.03504849200180615
35,A_then_B,0.02684448599757161,0.03493467099906411
36,B_then_A,0.026515285000641597,0.03500201699716854
37,B_then_A,0.027795275000244146,0.03502219100118964
38,B_then_A,0.027632687000732403,0.050099067000701325
39,B_then_A,0.02831548600079259,0.035184558997571
40,B_then_A,0.02931078799883835,0.039767746999132214
41,B_then_A,0.029327528998692287,0.0397998379994533
42,A_then_B,0.03202690600301139,0.04044712999893818
43,A_then_B,0.02703015599763603,0.03750430500076618
44,A_then_B,0.027099454000563128,0.0424195689993212
45,A_then_B,0.02659393700014334,0.03586118899693247
46,B_then_A,0.026919813000858994,0.03490939200128196
47,A_then_B,0.03170052600034978,0.035851311000442365
48,A_then_B,0.027411110000684857,0.04413546599971596
49,A_then_B,0.027168550001078984,0.03626955199797521
50,B_then_A,0.02720340200175997,0.03535622500203317
51,A_then_B,0.031217143001413206,0.038502309002069524
52,B_then_A,0.026635940001142444,0.035890245999326
53,A_then_B,0.03564991700113751,0.03574200900038704
54,A_then_B,0.02880352400097763,0.03558097800123505
55,B_then_A,0.027345655002136482,0.03699888999835821
56,A_then_B,0.027436767999461154,0.03575939000074868
57,A_then_B,0.027903867998247733,0.03551175500251702
58,A_then_B,0.027809645998786436,0.03627183099888498
59,A_then_B,0.027289474997814978,0.035396835999563336
60,A_then_B,0.027385983998101437,0.03521527900011279
61,A_then_B,0.026680594000936253,0.04012719700040179
62,B_then_A,0.02772836900112452,0.03623466799763264
63,B_then_A,0.03228539100018679,0.036044366999703925
64,B_then_A,0.026836510001885472,0.040450256998155965
65,A_then_B,0.027005605999875115,0.03527283699804684
66,B_then_A,0.02821665800001938,0.03625496499807923
67,B_then_A,0.028804073001083452,0.03541233799842303
68,B_then_A,0.0271688870016078,0.037773306998133194
69,B_then_A,0.02753064699936658,0.03564810299940291
70,B_then_A,0.02735822499744245,0.035906768000131706
71,A_then_B,0.027270034999673953,0.03697276900129509
72,A_then_B,0.027649287996609928,0.035927388998970855
73,B_then_A,0.027429583002231084,0.036257658000977244
74,A_then_B,0.026991853999788873,0.04099668299750192
75,B_then_A,0.027427134999015834,0.03572718799841823
76,B_then_A,0.026954400997055927,0.03591715199945611
77,B_then_A,0.02730138100014301,0.03584747200147831
78,B_then_A,0.02732791299786186,0.03523195100206067
79,B_then_A,0.028644541998801287,0.03504470600091736
80,A_then_B,0.027900618999410653,0.03547855899887509
81,A_then_B,0.02679274199908832,0.035447963997285115
82,A_then_B,0.028270328999496996,0.03579208199880668
83,A_then_B,0.027265387998340884,0.03495464399748016
84,B_then_A,0.028509312000096543,0.03579773999808822
85,B_then_A,0.027142142000229796,0.035898738002288155
86,B_then_A,0.027508634000696475,0.03981712699896889
87,B_then_A,0.026659256996936165,0.03503623299911851
88,A_then_B,0.029180383000493748,0.046234364999691024
89,B_then_A,0.030010061000211863,0.037819340999703854
90,B_then_A,0.028631046996451914,0.03664629199920455
91,A_then_B,0.02793716599990148,0.03607268099949579
92,A_then_B,0.027543561001948547,0.037037903999589616
93,A_then_B,0.027121596001961734,0.035354842999367975
94,A_then_B,0.028530750001664273,0.03686611100056325
95,A_then_B,0.02898600200205692,0.03634536199751892
96,A_then_B,0.028474120001192205,0.03690556899891817
97,B_then_A,0.0274000370009162,0.03591851700184634
98,B_then_A,0.028871434999018675,0.03692031299942755
99,A_then_B,0.03027426100015873,0.036907580000843154
100,B_then_A,0.02893118299834896,0.03598151799815241
1,B_then_A,0.028125331999035552,0.0385042779998912
2,B_then_A,0.03076430600049207,0.03724953699929756
3,B_then_A,0.030646358001831686,0.03781095999875106
4,A_then_B,0.031145515000389423,0.039254731997061754
5,B_then_A,0.02777154000068549,0.03651299600096536
6,B_then_A,0.029839032002200838,0.036718135997944046
7,B_then_A,0.028865929001767654,0.03800090500226361
8,A_then_B,0.028497806000814307,0.04724082400207408
9,B_then_A,0.037896092999289976,0.035977668998384615
10,B_then_A,0.02888245899885078,0.04556184299872257
11,B_then_A,0.0289590490028786,0.03791305699996883
12,B_then_A,0.027867093001987087,0.03629753600034746
13,B_then_A,0.027919632000703132,0.03638561099796789
14,A_then_B,0.031174010000540875,0.03538642999774311
15,B_then_A,0.02710891700189677,0.03716052700110595
16,B_then_A,0.028028200002154335,0.035740684001211775
17,A_then_B,0.02866101399922627,0.037173108998104
18,A_then_B,0.028053467998688575,0.037293730998499086
19,A_then_B,0.03089615999851958,0.03620727700035786
20,A_then_B,0.03031045099851326,0.04067978400053107
21,B_then_A,0.02843256500273128,0.03632632299922989
22,B_then_A,0.028426545002730563,0.04088828800013289
23,A_then_B,0.028742436999891652,0.04001747499933117
24,B_then_A,0.027468789998238208,0.03525348900075187
25,B_then_A,0.027827326997794444,0.03661385599843925
26,B_then_A,0.02760084699912113,0.042744377999042626
27,B_then_A,0.029712018997088308,0.03574000300068292
28,A_then_B,0.027296890002617147,0.03499242200268782
29,A_then_B,0.027529933002369944,0.03571094099970651
30,B_then_A,0.026833812000404578,0.03602705099910963
31,A_then_B,0.02925848100130679,0.035999765001179185
32,A_then_B,0.029185673000029055,0.03577307500017923
33,B_then_A,0.027829456001200015,0.03621447499972419
34,B_then_A,0.027237580998189515,0.035874684999726014
35,A_then_B,0.027171202000317862,0.035814762999507366
36,A_then_B,0.027558632002183003,0.03803142899778322
37,A_then_B,0.027651501000946155,0.03573143099856679
38,A_then_B,0.02963086499948986,0.03533999900173512
39,A_then_B,0.029460619000019506,0.03554344399890397
40,B_then_A,0.027521888998307986,0.03573882600176148
41,A_then_B,0.02757560200188891,0.03619820200037793
42,A_then_B,0.027667308997479267,0.04395197499979986
43,A_then_B,0.027643502999126213,0.0361079879985482
44,A_then_B,0.026993092000338947,0.034912282000732375
45,A_then_B,0.02712910899936105,0.0361045079989708
46,B_then_A,0.02672241799882613,0.035693818997970084
47,B_then_A,0.027695929999026703,0.035131489999912446
48,B_then_A,0.02773585600152728,0.037011289001384284
49,A_then_B,0.0279730260008364,0.03557380200072657
50,A_then_B,0.02895620499839424,0.035739095001190435
51,A_then_B,0.027148363999003777,0.035674434002430644
52,A_then_B,0.02744336899922928,0.03741242999967653
53,A_then_B,0.028480757999204798,0.035751867999351816
54,A_then_B,0.031644421000237344,0.03587058300036006
55,A_then_B,0.02780128000085824,0.035698046998732025
56,A_then_B,0.027311120997183025,0.035453984997730004
57,B_then_A,0.027336781000485644,0.03651150199948461
58,A_then_B,0.027373706001526443,0.03625645899955998
59,A_then_B,0.028398539001500467,0.03571549000116647
60,A_then_B,0.03216726400205516,0.03677295899979072
61,B_then_A,0.027189594999072142,0.03590798799996264
62,B_then_A,0.027126029999635648,0.035161152998625766
63,A_then_B,0.02986033700290136,0.036386345000209985
64,A_then_B,0.028518860999611206,0.0378297700008261
65,A_then_B,0.02728788699823781,0.03705141400132561
66,A_then_B,0.027269252001133282,0.03551455400156556
67,B_then_A,0.029816539001330966,0.0356089119995886
68,A_then_B,0.027014958999643568,0.03553613899930497
69,B_then_A,0.02765766400261782,0.03606703900004504
70,A_then_B,0.02752260700071929,0.037562589001026936
71,B_then_A,0.02754985200226656,0.03560113899948192
72,A_then_B,0.027393940999900224,0.03593380899837939
73,A_then_B,0.027141927999764448,0.03561076500045601
74,B_then_A,0.02747885799908545,0.04837509199933265
75,B_then_A,0.02973206500246306,0.03509473400117713
76,A_then_B,0.027420573998824693,0.03642583900000318
77,A_then_B,0.028662576998613076,0.036304583998571616
78,B_then_A,0.02978368500043871,0.035934564999479335
79,A_then_B,0.02683039599651238,0.03756836899992777
80,A_then_B,0.028464992999943206,0.036753410000528675
81,B_then_A,0.028599957000551512,0.04072552099751192
82,B_then_A,0.027213616001972696,0.03782995399888023
83,A_then_B,0.027577894001296954,0.03495137599747977
84,A_then_B,0.02719285199782462,0.03532448599798954
85,B_then_A,0.026174106998951174,0.034375798000837676
86,A_then_B,0.026439986999321263,0.0381862899994303
87,B_then_A,0.02616977199795656,0.035412789999099914
88,B_then_A,0.026487831000849837,0.03451379200123483
89,A_then_B,0.02614060499763582,0.0349705949993222
90,A_then_B,0.027018624998163432,0.034896655997727066
91,A_then_B,0.026925019999907818,0.035161701001925394
92,B_then_A,0.026815428002009867,0.035417472001427086
93,A_then_B,0.02613118299996131,0.034826827999495436
94,A_then_B,0.026773936999234138,0.03489813600026537
95,A_then_B,0.027127523000672227,0.035375159000977874
96,B_then_A,0.026657567999791354,0.03520501599996351
97,B_then_A,0.02721131799989962,0.03524122200178681
98,A_then_B,0.026877410000452073,0.035914287000196055
99,B_then_A,0.027219584000704344,0.03572268500283826
100,B_then_A,0.027026833999116207,0.03500755099958042
1,B_then_A,0.027005733998521464,0.03514501500103506
2,B_then_A,0.027233290998992743,0.035057447999861324
3,B_then_A,0.027146713000547606,0.03541343799952301
4,B_then_A,0.027294563999021193,0.036776139997527935
5,B_then_A,0.026530032999289688,0.03552735600169399
6,A_then_B,0.02615589799825102,0.03509613200003514
7,B_then_A,0.026886624000326265,0.03690056899722549
8,A_then_B,0.026809822000359418,0.036116609000600874
9,A_then_B,0.02618645300026401,0.03430635800032178
10,A_then_B,0.02602389000094263,0.034563433000585064
11,B_then_A,0.026677483001549263,0.03470989899869892
12,A_then_B,0.026334142999985488,0.034594929002196295
13,A_then_B,0.026526891000685282,0.03500576700025704
14,B_then_A,0.026829041002201848,0.036721436998050194
15,B_then_A,0.026143753002543235,0.034730523999314755
16,B_then_A,0.026079274000949226,0.03464795499894535
17,A_then_B,0.026251363000483252,0.034826413000700995
18,A_then_B,0.027118514000903815,0.03514917799839168
19,A_then_B,0.026243644999340177,0.03484359700087225
20,B_then_A,0.026741060999484034,0.034304354001506
21,B_then_A,0.026627144998201402,0.03494790100012324
22,B_then_A,0.027015106999897398,0.03580285199859645
23,B_then_A,0.026088972997968085,0.03451143700294779
24,B_then_A,0.026930091000394896,0.03459183800077881
25,B_then_A,0.02621535300204414,0.03462822899746243
26,A_then_B,0.02659982899785973,0.03472137499920791
27,A_then_B,0.026790826999786077,0.03523501400195528
28,A_then_B,0.027373827000701567,0.03486802100087516
29,B_then_A,0.026695678003306966,0.03493162999802735
30,B_then_A,0.02655970200066804,0.03482101499685086
31,B_then_A,0.026125759999558795,0.03493497800081968
32,A_then_B,0.027003058999980567,0.034512018002715195
33,A_then_B,0.02749769100046251,0.034715632998995716
34,A_then_B,0.027006699001503875,0.03545269499954884
35,B_then_A,0.0266396219994931,0.034880762999819126
36,B_then_A,0.026499027000681963,0.03531365500020911
37,B_then_A,0.028114250999351498,0.035669196000526426
38,B_then_A,0.028024933002598118,0.03549647699765046
39,A_then_B,0.02714238300177385,0.0354023310028424
40,A_then_B,0.026641073000064353,0.035696204999112524
41,A_then_B,0.02727727599994978,0.03503892899971106
42,B_then_A,0.028252249998331536,0.03586455399999977
43,B_then_A,0.028115740002249368,0.042355033998319414
44,A_then_B,0.03193503900183714,0.03747301600014907
45,B_then_A,0.027227668000705307,0.035324115997354966
46,A_then_B,0.02623035899887327,0.03479630700167036
47,B_then_A,0.026745219001895748,0.03537283699915861
48,A_then_B,0.027329802000167547,0.0348053150009946
49,B_then_A,0.026628974999766797,0.03464182199968491
50,B_then_A,0.0275393490010174,0.036235023002518574
51,A_then_B,0.026867233002121793,0.03504249199977494
52,A_then_B,0.027271095001196954,0.03591387499909615
53,A_then_B,0.026459623000846477,0.0344794880002155
54,A_then_B,0.026101149000169244,0.034543240999482805
55,A_then_B,0.02641420199870481,0.03476429299917072
56,A_then_B,0.02636674599852995,0.034821354001906
57,A_then_B,0.02689738600020064,0.034640213001694065
58,A_then_B,0.02691267199770664,0.03680949000045075
59,A_then_B,0.02651023300131783,0.034263093999470584
60,B_then_A,0.027195803999347845,0.034897754001576686
61,A_then_B,0.027511905998835573,0.047705526998470305
62,A_then_B,0.027234265999140916,0.038697144998877775
63,B_then_A,0.027119425998535007,0.03504450599939446
64,A_then_B,0.027216377999138786,0.03691785500268452
65,B_then_A,0.028054074999090517,0.03533731700008502
66,B_then_A,0.026463981997949304,0.03514349499891978
67,B_then_A,0.026991573999112006,0.03608801600057632
68,B_then_A,0.027244033000897616,0.03517678000207525
69,B_then_A,0.02668053600064013,0.03530066800158238
70,B_then_A,0.0263483439994161,0.03493990100105293
71,A_then_B,0.026202474000456277,0.03586957800143864
72,B_then_A,0.028346584000246366,0.03467473599812365
73,A_then_B,0.02715914000145858,0.035136847000103444
74,A_then_B,0.02675008100050036,0.03478786699997727
75,B_then_A,0.026601515000947984,0.03440200700060814
76,B_then_A,0.027738706998206908,0.03465254000184359
77,A_then_B,0.02641392000077758,0.03637987799811526
78,A_then_B,0.027063538997026626,0.03484471299816505
79,A_then_B,0.026937029000691837,0.03481095600000117
80,B_then_A,0.026684716998715885,0.034652389000257244
81,B_then_A,0.026265749002050143,0.03437967500212835
82,A_then_B,0.026493158999073785,0.03460367999650771
83,B_then_A,0.026408191999507835,0.034897585999715375
84,A_then_B,0.026949610000883695,0.035108367999782786
85,A_then_B,0.026308757001970662,0.034651596997719025
86,B_then_A,0.027038791002269136,0.03660330300044734
87,B_then_A,0.026804625998920528,0.034817943000234663
88,B_then_A,0.02656031800142955,0.03503318900038721
89,B_then_A,0.026775864000228466,0.0347509830025956
90,B_then_A,0.026028475997009082,0.03434772900072858
91,A_then_B,0.026130612000997644,0.034467073000996606
92,B_then_A,0.027009351997548947,0.035699131000001216
93,B_then_A,0.02650138800163404,0.03573477800091496
94,A_then_B,0.02640581800005748,0.03433409300123458
95,B_then_A,0.02665218000038294,0.03473744299844839
96,B_then_A,0.027319740001985338,0.03634816300109378
97,A_then_B,0.026409461002913304,0.03488768500028527
98,B_then_A,0.02631998300057603,0.034363979000772815
99,B_then_A,0.026912538000033237,0.03488798600301379
100,A_then_B,0.029189138000219828,0.03448631599894725
1,B_then_A,0.026564023002720205,0.03457876099855639
2,B_then_A,0.027347429997462314,0.034774282001308165
3,B_then_A,0.026162797999859322,0.03442172899667639
4,B_then_A,0.030542987999069737,0.03437762099929387
5,A_then_B,0.026813475000381004,0.03496051900219754
6,B_then_A,0.02684241099996143,0.0349895250001282
7,B_then_A,0.026210602001810912,0.034484593001252506
8,B_then_A,0.02732977000050596,0.03456299200115609
9,B_then_A,0.02639365099821589,0.03738884999984293
10,B_then_A,0.02736528699824703,0.03444191699963994
11,A_then_B,0.02732715100137284,0.03627035200042883
12,A_then_B,0.027390268998715328,0.03519407700150623
13,B_then_A,0.030802190998656442,0.0344042079996143
14,B_then_A,0.026975179000146454,0.03493173600145383
15,B_then_A,0.029058184998575598,0.035648974000650924
16,A_then_B,0.02809651300049154,0.052491589998680865
17,B_then_A,0.028250245999515755,0.03617283199855592
18,A_then_B,0.028306477001024177,0.03636736599946744
19,B_then_A,0.026555331001873128,0.03566515099737444
20,A_then_B,0.03610028399998555,0.035317821999342414
21,A_then_B,0.02637782999954652,0.03576493199943798
22,B_then_A,0.026346093996835407,0.03427207099957741
23,A_then_B,0.026586847998260055,0.035200816000724444
24,A_then_B,0.0268921560018498,0.03567092999946908
25,A_then_B,0.02661079800236621,0.03471387800163939
26,A_then_B,0.026659341998310992,0.03447233800034155
27,A_then_B,0.026984926997101866,0.03537027499987744
28,A_then_B,0.026103882999450434,0.03431024400197202
29,B_then_A,0.026652189997548703,0.034261782999237766
30,A_then_B,0.026205726000625873,0.035140177998982836
31,A_then_B,0.026849249999941094,0.035223810002207756
32,A_then_B,0.02768768799796817,0.03521345700210077
33,B_then_A,0.027424544998211786,0.03636001600170857
34,B_then_A,0.02953004400114878,0.040546126998378895
35,B_then_A,0.02773059300307068,0.0359300069976598
36,B_then_A,0.026995968997653108,0.03551410599902738
37,A_then_B,0.031100159001653083,0.03495652399942628
38,A_then_B,0.027432327002316015,0.03594191099909949
39,A_then_B,0.027204697998968186,0.037512776001676684
40,A_then_B,0.027527884998562513,0.03992670500156237
41,B_then_A,0.027126370998303173,0.035821948000375414
42,B_then_A,0.02727932800189592,0.035379773002205184
43,B_then_A,0.026758771000459092,0.03493750000052387
44,B_then_A,0.026447995001944946,0.03467353200176149
45,B_then_A,0.027568952998990426,0.03567118399951141
46,B_then_A,0.02748909299771185,0.035727246999158524
47,B_then_A,0.026405000000522705,0.0345693469971593
48,B_then_A,0.02641540299737244,0.034685181999520864
49,A_then_B,0.026897774001554353,0.03545115100132534
50,A_then_B,0.026988991998223355,0.0358693400012271
51,B_then_A,0.02672861099927104,0.0357891040002869
52,A_then_B,0.02778564899927005,0.0344600749995152
53,B_then_A,0.02619427800163976,0.03511978700043983
54,A_then_B,0.02644621199942776,0.03477468100027181
55,B_then_A,0.027038928001275053,0.035062390998064075
56,A_then_B,0.026571541999146575,0.03498181200120598
57,B_then_A,0.026537616999121383,0.0356649000023026
58,B_then_A,0.029829605999111664,0.03465620300266892
59,A_then_B,0.027088932001788635,0.035952075999375666
60,B_then_A,0.027158697001141263,0.03537929899903247
61,A_then_B,0.03003050899860682,0.035413941001024796
62,B_then_A,0.027179474996955832,0.03561737299969536
63,A_then_B,0.026912804998573847,0.035863791999872774
64,A_then_B,0.026277423999999883,0.034813053000107175
65,B_then_A,0.02760718300123699,0.035051058999670204
66,B_then_A,0.02711263299715938,0.035561273001803784
67,A_then_B,0.026092517000506632,0.0348848600006022
68,A_then_B,0.027051169003243558,0.03527088899863884
69,B_then_A,0.0270371940023324,0.04671366800175747
70,A_then_B,0.027029157001379644,0.03533899200192536
71,B_then_A,0.027033028000005288,0.035495677999278996
72,A_then_B,0.026990523001586553,0.03574223300165613
73,A_then_B,0.02737629600233049,0.03940109999894048
74,A_then_B,0.027729434001230402,0.03562695400250959
75,A_then_B,0.02734325799974613,0.03560102600022219
76,A_then_B,0.027147446999151725,0.03519843400135869
77,B_then_A,0.027057859999331413,0.03691238700048416
78,B_then_A,0.0267481780028902,0.03485393599839881
79,B_then_A,0.027037634998123394,0.034438959999533836
80,A_then_B,0.026711115999205504,0.035181659000954824
81,B_then_A,0.027477019000798464,0.03531703800035757
82,A_then_B,0.027594698000029894,0.03693964999911259
83,B_then_A,0.026856034000957152,0.035552154997276375
84,A_then_B,0.026141919999645324,0.03444574300010572
85,B_then_A,0.02688153499912005,0.03488665300028515
86,A_then_B,0.027122897998197004,0.03530559199862182
87,B_then_A,0.026604899001540616,0.03486329199949978
88,A_then_B,0.026561999002296943,0.0351241200005461
89,A_then_B,0.027458116001071176,0.03576119300123537
90,B_then_A,0.028301557002123445,0.03556141299850424
91,B_then_A,0.026764150999952108,0.035149882998666726
92,A_then_B,0.02665259900095407,0.03544414799762308
93,B_then_A,0.026730714002042077,0.03565852099927724
94,B_then_A,0.027586518997850362,0.03507835399796022
95,A_then_B,0.027003005998267327,0.03461486699961824
96,B_then_A,0.02687885900013498,0.03542010200180812
97,B_then_A,0.02667226199992001,0.03479476700158557
98,A_then_B,0.02700134699989576,0.03661627899782616
99,B_then_A,0.026525555000262102,0.0350729540004977
100,A_then_B,0.026530404000368435,0.03510293499857653
1,A_then_B,0.026513756001804722,0.034585916000651196
2,B_then_A,0.027282350998575566,0.03439929699743516
3,B_then_A,0.02687800000057905,0.035453618998872116
4,B_then_A,0.027367009002773557,0.03507691200138652
5,B_then_A,0.02740855899901362,0.03503304100013338
6,B_then_A,0.02762300500035053,0.03562117500041495
7,A_then_B,0.02727201800007606,0.034925354997540126
8,B_then_A,0.026758157000585925,0.03565133799929754
9,A_then_B,0.026617810002790065,0.0344081350012857
10,B_then_A,0.0269546800009266,0.036604545999580296
11,A_then_B,0.02689166399795795,0.03491042699897662
12,B_then_A,0.026325187001930317,0.035081606001767796
13,B_then_A,0.02632942499985802,0.03510448100132635
14,B_then_A,0.027239634000579827,0.03508462800164125
15,B_then_A,0.02607499100122368,0.03526767400035169
16,B_then_A,0.026612079000187805,0.03494733300249209
17,A_then_B,0.02597686900116969,0.0345510529987223
18,B_then_A,0.0264046589982172,0.034466560999135254
19,B_then_A,0.027427068998804316,0.03548621499794535
20,A_then_B,0.028362755998387,0.036086348998651374
21,A_then_B,0.027751281999371713,0.036077235999982804
22,A_then_B,0.027615251998213353,0.03598310999950627
23,B_then_A,0.026828576999832876,0.03661246299816412
24,B_then_A,0.026041313998575788,0.0349736110001686
25,A_then_B,0.027085630998044508,0.035533089001546614
26,B_then_A,0.02656530300009763,0.0354333579998638
27,A_then_B,0.026509130002523307,0.03449134100083029
28,B_then_A,0.02674797199870227,0.03457397199963452
29,A_then_B,0.026728295000793878,0.03468561900081113
30,B_then_A,0.027014527000574162,0.03507722399808699
31,A_then_B,0.027363007997337263,0.035181940998882055
32,B_then_A,0.026077454000187572,0.035049957001319854
33,A_then_B,0.026201558001048397,0.03508371999851079
34,B_then_A,0.026967228997818893,0.0348415410007874
35,A_then_B,0.02684021999812103,0.03476538600079948
36,A_then_B,0.02631933900192962,0.0346265799998946
37,A_then_B,0.027013482998881955,0.0349857749970397
38,A_then_B,0.026494261001062114,0.0347469150001416
39,B_then_A,0.02663053200012655,0.03480967300129123
40,B_then_A,0.02618204000100377,0.03509732100064866
41,B_then_A,0.027172131001862,0.03538961999947787
42,B_then_A,0.026111888997547794,0.03473479799868073
43,A_then_B,0.026096106001205044,0.03435318899937556
44,B_then_A,0.02752652799972566,0.034609324000484776
45,B_then_A,0.026521629999479046,0.03550353500031633
46,A_then_B,0.026851807000639383,0.03539191799791297
47,B_then_A,0.0271658279998519,0.035184320997359464
48,A_then_B,0.02625294600147754,0.03437472699806676
49,A_then_B,0.02626929699908942,0.03442431000075885
50,A_then_B,0.026618275998771423,0.03488798800026416
51,A_then_B,0.02665984199848026,0.03426731099898461
52,A_then_B,0.026060706997668603,0.03428619500118657
53,A_then_B,0.02637888399840449,0.03467850399829331
54,A_then_B,0.026698087000113446,0.03545894000126282
55,B_then_A,0.02688678900085506,0.035012864998861915
56,B_then_A,0.026544904998445418,0.034884292999777244
57,B_then_A,0.026283570998202777,0.03492226500020479
58,A_then_B,0.026355687998147914,0.035036918001424056
59,A_then_B,0.026432342998305103,0.03474972600088222
60,B_then_A,0.02605157899961341,0.034320187998673646
61,B_then_A,0.026534184002230177,0.0345914419995097
62,A_then_B,0.02696045299671823,0.03450567899926682
63,B_then_A,0.02714356499927817,0.034422895001625875
64,A_then_B,0.027140595000673784,0.035964680999313714
65,B_then_A,0.02781212899935781,0.03532871200150112
66,A_then_B,0.026978534999216208,0.03523442300138413
67,A_then_B,0.027209694002522156,0.03537677400163375
68,A_then_B,0.02934167300190893,0.03554565299782553
69,B_then_A,0.02684256400243612,0.03534173399748397
70,B_then_A,0.026391511000838364,0.034682868001254974
71,A_then_B,0.02650790500047151,0.0342654499982018
72,B_then_A,0.026483674002520274,0.03432162700119079
73,A_then_B,0.02611958299894468,0.03553756799738039
74,A_then_B,0.027894619001017418,0.03554655300104059
75,A_then_B,0.027573781000683084,0.03551242400135379
76,A_then_B,0.027824020999105414,0.0349690590010141
77,B_then_A,0.028145766002126038,0.035188354002457345
78,B_then_A,0.02633595699808211,0.035256801998912124
79,A_then_B,0.027898054002434947,0.03561544100011815
80,A_then_B,0.027245477998803835,0.034876849997090176
81,A_then_B,0.026606157000060193,0.03459188600027119
82,B_then_A,0.026631541997630848,0.03600123800060828
83,A_then_B,0.026335071997891646,0.035095256000204245
84,A_then_B,0.027524776000063866,0.03541564500119421
85,A_then_B,0.027382853000744944,0.03695257200160995
86,B_then_A,0.027277405999484472,0.03500842499852297
87,B_then_A,0.0270713429999887,0.035373188999074046
88,A_then_B,0.0273188819992356,0.034860256000683876
89,A_then_B,0.026206626997009153,0.03531208899948979
90,A_then_B,0.026552196002739947,0.035345238000445534
91,B_then_A,0.026354476001870353,0.03454564400090021
92,B_then_A,0.02735415200004354,0.03485949799869559
93,A_then_B,0.026967842000885867,0.03469613099878188
94,B_then_A,0.026081841002451256,0.03464464799981215
95,A_then_B,0.026049881002109032,0.034906169999885606
96,A_then_B,0.02689849300077185,0.03491176100214943
97,B_then_A,0.02662824700018973,0.03543395299857366
98,A_then_B,0.026754036000056658,0.03671588599900133
99,B_then_A,0.026452899001014885,0.036370032001286745
100,A_then_B,0.026393327996629523,0.03514533400084474
1,B_then_A,0.026020876000984572,0.03491729000234045
2,A_then_B,0.026020344001153717,0.03428946900021401
3,B_then_A,0.03126262000296265,0.0351035409985343
4,B_then_A,0.026418616998853395,0.03638774499995634
5,B_then_A,0.02655377200062503,0.034989047002454754
6,B_then_A,0.02732685500086518,0.03598061199954827
7,B_then_A,0.02677138600120088,0.03522800599967013
8,A_then_B,0.026400481998280156,0.0343580579974514
9,B_then_A,0.02608591700118268,0.03504990299916244
10,A_then_B,0.026295667001249967,0.034878811002272414
11,B_then_A,0.026425226002174895,0.03491571500126156
12,B_then_A,0.02647359500042512,0.034262098000908736
13,A_then_B,0.026889659999142168,0.034576935999211855
14,A_then_B,0.02776639600051567,0.03465448700080742
15,B_then_A,0.027311493002343923,0.0353001059993403
16,A_then_B,0.027105897999717854,0.03451393700015615
17,B_then_A,0.025939659000869142,0.03430926000146428
18,B_then_A,0.02709647799929371,0.034351754999079276
19,B_then_A,0.02627394899900537,0.03499377799744252
20,A_then_B,0.026678659000026528,0.03465499999947497
21,A_then_B,0.026689626000006683,0.03498330899674329
22,A_then_B,0.02716618100021151,0.035408943997026654
23,A_then_B,0.02743469499910134,0.036213417999533704
24,B_then_A,0.027024772000004305,0.03611238799931016
25,B_then_A,0.027299896999466,0.035384063001401955
26,B_then_A,0.028256634999706876,0.03758303199720103
27,B_then_A,0.026901785997324623,0.035537129999283934
28,B_then_A,0.02657014099895605,0.045674258002691204
29,A_then_B,0.028132879997428972,0.03564032099893666
30,B_then_A,0.0265833779994864,0.03501678500106209
31,A_then_B,0.026601060999382753,0.045652528999198694
32,A_then_B,0.026709819001553115,0.0353199589990254
33,A_then_B,0.026874436000071,0.03563997200035374
34,B_then_A,0.026144679002754856,0.035195743999793194
35,B_then_A,0.026757006999105215,0.0343281739988015
36,A_then_B,0.02653297800134169,0.03450233900002786
37,B_then_A,0.026180296998063568,0.03499577299953671
38,A_then_B,0.02614674200231093,0.034789220000675414
39,A_then_B,0.02670636199763976,0.035267646999272984
40,A_then_B,0.0273740379998344,0.03555829399920185
41,B_then_A,0.026833801999600837,0.03511996299857856
42,B_then_A,0.02753300300173578,0.03558150699973339
43,B_then_A,0.03245276400048169,0.03520728000148665
44,A_then_B,0.027203203000681242,0.03554279699892504
45,B_then_A,0.026801066000189167,0.03498616900105844
46,B_then_A,0.026468337997357594,0.03478106400143588
47,B_then_A,0.026502829998207744,0.03546491900124238
48,B_then_A,0.026254891003191005,0.034415345999150304
49,B_then_A,0.02637717100151349,0.03434156499861274
50,A_then_B,0.027321378998749424,0.035577719998400426
51,B_then_A,0.027091594998637447,0.03490468699965277
52,A_then_B,0.026714308998634806,0.03495942500012461
53,A_then_B,0.02666541899816366,0.03468026900009136
54,B_then_A,0.026884550003160257,0.034836781000194605
55,A_then_B,0.027156344996910775,0.035213194001698866
56,A_then_B,0.026725790001364658,0.0345432059984887
57,B_then_A,0.02648894799858681,0.03622661199915456
58,A_then_B,0.026624963000358548,0.03453681599785341
59,B_then_A,0.02635715600263211,0.03460532299868646
60,A_then_B,0.028453632003220264,0.04166019199692528
61,B_then_A,0.02800947500145412,0.03581271500297589
62,A_then_B,0.02768895699773566,0.03548626200063154
63,A_then_B,0.02797545999783324,0.035131150998495286
64,B_then_A,0.026627251001627883,0.03486444200098049
65,A_then_B,0.02637848800077336,0.03522960400005104
66,A_then_B,0.02662243099985062,0.03439751800033264
67,B_then_A,0.026167533000261756,0.036105267998209456
68,A_then_B,0.0286416859999008,0.0368791639994015
69,B_then_A,0.027325844999722904,0.03493087199967704
70,A_then_B,0.027276086999336258,0.035418473002209794
71,B_then_A,0.02692632899925229,0.034812990998034365
72,B_then_A,0.026229736999084707,0.034331275997828925
73,A_then_B,0.026590211997245206,0.03555600799882086
74,A_then_B,0.026665364999644225,0.0347220620024018
75,B_then_A,0.02637465199950384,0.03442053199978545
76,A_then_B,0.026495644000533503,0.035191154001950053
77,B_then_A,0.026072692999150604,0.03590137699939078
78,B_then_A,0.026803607001056662,0.04191526300201076
79,A_then_B,0.026485618996957783,0.03497945399794844
80,A_then_B,0.028063410998584004,0.03574285700233304
81,B_then_A,0.028318900000158465,0.03612060500017833
82,A_then_B,0.027856690001499373,0.047047347001353046
83,B_then_A,0.02801077299955068,0.036794499999814434
84,A_then_B,0.02743650800039177,0.034861010000895476
85,A_then_B,0.02656338499946287,0.03475712100043893
86,A_then_B,0.02690561100098421,0.03464096800234984
87,B_then_A,0.02664968500175746,0.03471340800024336
88,A_then_B,0.026011193000158528,0.03489157999865711
89,B_then_A,0.02649619099975098,0.03486268299820949
90,B_then_A,0.027123780997499125,0.03652376600075513
91,B_then_A,0.027012413996999385,0.034714134999376256
92,B_then_A,0.027095144003396854,0.035055703003308736
93,A_then_B,0.02707858000212582,0.035280796997540165
94,B_then_A,0.028376203998050187,0.03472760200020275
95,B_then_A,0.027038284002628643,0.03499731400006567
96,A_then_B,0.026613829999405425,0.03623359600169351
97,B_then_A,0.027619519998552278,0.03727006299959612
98,B_then_A,0.027492604000144638,0.03637917199739604
99,A_then_B,0.027546902998437872,0.04045248300099047
100,B_then_A,0.02714023500084295,0.03575653000007151
1,B_then_A,0.027270628001133446,0.0350921239987656
2,A_then_B,0.0267450329993153,0.03460979900046368
3,B_then_A,0.027093571003206307,0.03450420499939355
4,A_then_B,0.028875357002107194,0.03569389399854117
5,B_then_A,0.027034299997467315,0.03650094999829889
6,A_then_B,0.026455506002093898,0.03595656899778987
7,B_then_A,0.02767761200084351,0.03594892499677371
8,A_then_B,0.027927564002311556,0.036435192996577825
9,A_then_B,0.028075778998754686,0.03550163899853942
10,A_then_B,0.02774148600292392,0.04427439199935179
11,A_then_B,0.02822598599959747,0.036457541998970555
12,B_then_A,0.026965183998981956,0.03596314000242273
13,A_then_B,0.02675840200026869,0.03495279099661275
14,B_then_A,0.026684873999329284,0.035311358002218185
15,B_then_A,0.02806343799966271,0.03785187600078643
16,A_then_B,0.02650430699941353,0.03500064299805672
17,B_then_A,0.026556937998975627,0.035092048998194514
18,B_then_A,0.028113186999689788,0.036221261998434784
19,A_then_B,0.027728008997655706,0.03585639900120441
20,B_then_A,0.028143301999079995,0.03728503900128999
21,A_then_B,0.02735217100052978,0.04628195199984475
22,A_then_B,0.027583523999055615,0.040362108000408625
23,B_then_A,0.026751437999337213,0.03530490800039843
24,B_then_A,0.026046459999633953,0.03459922500042012
25,B_then_A,0.026283818999218056,0.034812758000043686
26,B_then_A,0.026196762999461498,0.03544125799817266
27,A_then_B,0.026673513999412535,0.03424516200175276
28,A_then_B,0.02638470999954734,0.0343544160023157
29,A_then_B,0.02812760199958575,0.034764520001772325
30,B_then_A,0.027007489999959944,0.034861309999541845
31,B_then_A,0.026594734001264442,0.03530745199896046
32,A_then_B,0.027121793002152117,0.03499608199854265
33,B_then_A,0.027834088999952655,0.03557093199924566
34,A_then_B,0.027909497999644373,0.03539337300026091
35,A_then_B,0.02677582300020731,0.03487781500007259
36,A_then_B,0.026517669000895694,0.034564892997877905
37,A_then_B,0.026855675998376682,0.034615731001395034
38,A_then_B,0.026066864000313217,0.0342351500003133
39,A_then_B,0.02625955899929977,0.03469384900017758
40,A_then_B,0.02684827100165421,0.03447720799886156
41,B_then_A,0.02629185100158793,0.03442441100196447
42,A_then_B,0.026438050997967366,0.03441091700005927
43,A_then_B,0.026024254999356344,0.03451875199971255
44,A_then_B,0.0266979080006422,0.035237551001046086
45,B_then_A,0.026945339999656426,0.03517336600270937
46,A_then_B,0.02674543000102858,0.03452110899888794
47,B_then_A,0.026592406000418123,0.03498898600082612
48,A_then_B,0.02637532899825601,0.03492513700257405
49,B_then_A,0.02683322099983343,0.03477149399986956
50,A_then_B,0.02644841700021061,0.03507026499937638
51,B_then_A,0.02632964000076754,0.034686293998674955
52,B_then_A,0.026715538999269484,0.03493166399857728
53,B_then_A,0.027047108000260778,0.03539314400040894
54,A_then_B,0.026606222996633733,0.03482770800110302
55,B_then_A,0.02699386200038134,0.03520063200267032
56,B_then_A,0.028395574001478963,0.03574722399935126
57,B_then_A,0.02667799099799595,0.03553739600101835
58,B_then_A,0.02743783600089955,0.03611918200112996
59,A_then_B,0.02690862300005392,0.03517585000008694
60,B_then_A,0.026990813999873353,0.03622321199873113
61,B_then_A,0.0275651759984612,0.035794532999716466
62,A_then_B,0.026910301003226778,0.03509547299836413
63,A_then_B,0.026560734997474356,0.03678517899970757
64,A_then_B,0.02657732299849158,0.035380351000640076
65,B_then_A,0.027018860997486627,0.03495410399773391
66,A_then_B,0.026147237000259338,0.03418646100180922
67,B_then_A,0.026227087000734173,0.035115282000333536
68,B_then_A,0.02693963599813287,0.035932915001467336
69,B_then_A,0.028060238000762183,0.034988766001333715
70,A_then_B,0.02734123499976704,0.03542724900034955
71,A_then_B,0.026766025002871174,0.03569518999938737
72,B_then_A,0.02720024900190765,0.0372259949981526
73,B_then_A,0.02692845600176952,0.03587100300137536
74,B_then_A,0.027429579000454396,0.035571536001953064
75,B_then_A,0.032884175998333376,0.036659600998973474
76,A_then_B,0.03173500999764656,0.03517190999991726
77,A_then_B,0.027003062998119276,0.034864383000240196
78,B_then_A,0.026993342999048764,0.0350303739978699
79,B_then_A,0.027019175999157596,0.03685221599880606
80,A_then_B,0.027620277996902587,0.035147415997926146
81,A_then_B,0.026990598998963833,0.03508824200253002
82,B_then_A,0.027357203998690238,0.03524114100218867
83,B_then_A,0.027373369000997627,0.03545152100195992
84,A_then_B,0.027417785000579897,0.03504469700055779
85,A_then_B,0.026525757999479538,0.034486630000174046
86,A_then_B,0.0266720380022889,0.035302940999827115
87,A_then_B,0.026655926998500945,0.0354798070002289
88,A_then_B,0.028585347998159705,0.03593129799992312
89,A_then_B,0.030594073999964166,0.03685975400003372
90,A_then_B,0.029087220998917473,0.038188621001609135
91,B_then_A,0.04026077700109454,0.03813220799929695
92,B_then_A,0.03172242200162145,0.040722140001889784
93,A_then_B,0.02985881499989773,0.04418986399832647
94,B_then_A,0.03060568000000785,0.03891937399748713
95,B_then_A,0.029688586000702344,0.03942103000008501
96,A_then_B,0.029710048002016265,0.037975114999426296
97,B_then_A,0.028040610002790345,0.037842166999325855
98,B_then_A,0.029896424999606097,0.04348448299788288
99,A_then_B,0.0288812719991256,0.04277321300105541
100,A_then_B,0.02829638699768111,0.03691330899891909
1,A_then_B,0.028415157001290936,0.038922814001125516
2,A_then_B,0.028609767003217712,0.03737303800153313
3,A_then_B,0.028328232001513243,0.03644307399736135
4,A_then_B,0.028632238998397952,0.038481048999528866
5,B_then_A,0.02819892400293611,0.03784235700004501
6,B_then_A,0.028620197001146153,0.03593832800106611
7,A_then_B,0.027966108998953132,0.06750940400161198
8,A_then_B,0.05814847700094106,0.0438895670013153
9,A_then_B,0.029541397998400498,0.04059611300181132
10,B_then_A,0.029583951996755786,0.038334622000547824
11,A_then_B,0.036809506000281544,0.038411801997426664
12,B_then_A,0.02852969299783581,0.04037482999774511
13,A_then_B,0.03102752799895825,0.038478675996884704
14,A_then_B,0.030887613000231795,0.03873288600152591
15,A_then_B,0.028144619998784037,0.03867334499955177
16,A_then_B,0.02872898100031307,0.04430735500136507
17,B_then_A,0.029819863000739133,0.03799807500035968
18,B_then_A,0.03462389299966162,0.05027424099898781
19,B_then_A,0.03338551799970446,0.04393307300051674
20,A_then_B,0.03290090800146572,0.03806342000098084
21,B_then_A,0.027316573999996763,0.036509210000076564
22,A_then_B,0.028162078000605106,0.035671399000420934
23,A_then_B,0.02775224399738363,0.035560419000830734
24,A_then_B,0.02700684500086936,0.035776917000475805
25,A_then_B,0.027339197000401327,0.051775271000224166
26,B_then_A,0.02669876199797727,0.03579213099874323
27,A_then_B,0.027396481000323547,0.03634321900244686
28,A_then_B,0.02681902699987404,0.03489928400085773
29,B_then_A,0.026748395001050085,0.035356093001610134
30,B_then_A,0.027212611999857472,0.03547517300103209
31,B_then_A,0.027070142001321074,0.03536939200057532
32,B_then_A,0.027067710001574596,0.03497577199959778
33,B_then_A,0.03273811899998691,0.03818242000124883
34,B_then_A,0.032959686999674886,0.04152738799893996
35,B_then_A,0.03232180399936624,0.04096997899978305
36,A_then_B,0.03346850500020082,0.04260123800122528
37,A_then_B,0.03110683699924266,0.03844364999895333
38,A_then_B,0.030936806000681827,0.046618119999038754
39,A_then_B,0.032265620000544004,0.042631971002265345
40,A_then_B,0.03368238599796314,0.04012421799779986
41,B_then_A,0.03595829200276057,0.038127495001390344
42,B_then_A,0.02996878300109529,0.04079271999944467
43,A_then_B,0.0282419610011857,0.036997580999013735
44,B_then_A,0.02962450500126579,0.03598375400179066
45,B_then_A,0.030003563999343896,0.045146706001105485
46,A_then_B,0.02989919000174268,0.037548889999015955
47,B_then_A,0.03122675799750141,0.040300233999005286
48,B_then_A,0.027314613998896675,0.037031856001704
49,A_then_B,0.028690615999948932,0.035793118997389683
50,B_then_A,0.02964109599997755,0.0361415549996309
51,A_then_B,0.02849619400149095,0.04830157800097368
52,A_then_B,0.030030406000150833,0.03686825600016164
53,B_then_A,0.02790619499864988,0.03752894299759646
54,B_then_A,0.03042776300208061,0.0373753729982127
55,A_then_B,0.027706771001248853,0.0353547080012504
56,B_then_A,0.02709158200013917,0.03547849799724645
57,B_then_A,0.02691594600037206,0.03606611600116594
58,A_then_B,0.027498347997607198,0.03550980799991521
59,A_then_B,0.028163497998320963,0.03600667000137037
60,B_then_A,0.02738162000241573,0.03528417199777323
61,B_then_A,0.02692812199893524,0.0360389750021568
62,B_then_A,0.027703428000677377,0.03602489300101297
63,A_then_B,0.03000029800023185,0.039101335998566356
64,B_then_A,0.028258517999347532,0.03821748799964553
65,B_then_A,0.03349925400107168,0.037364083000284154
66,B_then_A,0.02789854200091213,0.03764729899921804
67,B_then_A,0.02880694799750927,0.03887444400243112
68,A_then_B,0.028606778003450017,0.03683054100110894
69,B_then_A,0.02754647799883969,0.03691715500099235
70,B_then_A,0.027804911998828175,0.035994386998936534
71,A_then_B,0.027742694001062773,0.03822777700042934
72,A_then_B,0.02890360599849373,0.03633324900147272
73,B_then_A,0.027718385998014128,0.035991534001368564
74,A_then_B,0.027837648001877824,0.03642351899907226
75,B_then_A,0.028147859000455355,0.03689053899870487
76,B_then_A,0.02797617099713534,0.035945504998380784
77,A_then_B,0.028299164998315973,0.03623129900006461
78,B_then_A,0.027960226998402504,0.03669534700020449
79,A_then_B,0.02939337499992689,0.03846906500257319
80,B_then_A,0.028884714000014355,0.03617227799986722
81,A_then_B,0.027703828000085196,0.037464572000317276
82,B_then_A,0.027423032999649877,0.03689783400113811
83,A_then_B,0.02826982099941233,0.03588984499947401
84,B_then_A,0.028361192002194002,0.037184815999353305
85,A_then_B,0.027731305002816953,0.03584166499786079
86,A_then_B,0.029633310998178786,0.03543457600244437
87,A_then_B,0.027690802999131847,0.035366031999728875
88,A_then_B,0.02960943699872587,0.03628458200182649
89,A_then_B,0.028734947001794353,0.03686510300030932
90,A_then_B,0.027855951997480588,0.03913565800030483
91,B_then_A,0.03545274299904122,0.03750512600163347
92,B_then_A,0.033036442000593524,0.039460210002289386
93,A_then_B,0.03310880000208272,0.04765105499973288
94,A_then_B,0.0320478430003277,0.03999793499679072
95,A_then_B,0.030386780999833718,0.04698718700092286
96,B_then_A,0.03504792199964868,0.04508542899930035
97,A_then_B,0.030469650999293663,0.040759813997283345
98,A_then_B,0.031068847001733957,0.04111594100322691
99,B_then_A,0.03083413500280585,0.05021337899961509
100,A_then_B,0.03087985300226137,0.039496484998380765
1,A_then_B,0.03161202099727234,0.03869983900221996
2,B_then_A,0.0310531639988767,0.04375996599992504
3,A_then_B,0.03290040399951977,0.04739269099809462
4,A_then_B,0.0303755690001708,0.03844625400233781
5,B_then_A,0.03269416699913563,0.036556120998284314
6,B_then_A,0.03227692500149715,0.03849942400120199
7,A_then_B,0.030010532998858253,0.03767233500184375
8,A_then_B,0.03215595399888116,0.058676482000009855
9,B_then_A,0.03621000099883531,0.04896937400189927
10,A_then_B,0.03718980899793678,0.0392489289988589
11,A_then_B,0.03171566400123993,0.03995514900088892
12,B_then_A,0.029878418001317186,0.037694495000323514
13,A_then_B,0.028746790001605405,0.04822930400041514
14,B_then_A,0.029711003000556957,0.04482512699905783
15,B_then_A,0.03203007000047364,0.04011547800109838
16,A_then_B,0.03004655100085074,0.04866487899926142
17,B_then_A,0.027271234001091216,0.03643004399782512
18,A_then_B,0.02848976699897321,0.03614439000011771
19,B_then_A,0.03004916999998386,0.035986715000035474
20,A_then_B,0.027420950998930493,0.04100911599743995
21,B_then_A,0.027409242997237016,0.036676420000731014
22,A_then_B,0.02928732700092951,0.04324568000083673
23,B_then_A,0.028336604998912662,0.036367870001413394
24,B_then_A,0.028289116999076214,0.03707997400124441
25,B_then_A,0.027539933998923516,0.03704095099965343
26,A_then_B,0.02712634600175079,0.036542089001159184
27,B_then_A,0.028709836999041727,0.03556456200021785
28,B_then_A,0.02767323599982774,0.03576505899764015
29,A_then_B,0.027005247997294646,0.04415630800212966
30,B_then_A,0.02724069499890902,0.0500195700005861
31,A_then_B,0.02774726300049224,0.03554325100049027
32,A_then_B,0.02697659400291741,0.03601791600158322
33,A_then_B,0.027533447999303462,0.036074932002520654
34,A_then_B,0.026940058000036515,0.035948988999734866
35,B_then_A,0.028103746997658163,0.04011808699942776
36,A_then_B,0.027049925000028452,0.036661695998191135
37,B_then_A,0.0296828859973175,0.03600122799980454
38,B_then_A,0.027955348003160907,0.03588534300070023
39,A_then_B,0.027037453000957612,0.046762571000726894
40,A_then_B,0.027183366000826936,0.03567288600243046
41,A_then_B,0.02780405499652261,0.03598846000022604
42,B_then_A,0.02826593600184424,0.035954286002379376
43,B_then_A,0.02685009299966623,0.036037349000253016
44,B_then_A,0.02858886300236918,0.03666930499821319
45,A_then_B,0.02715641900067567,0.036588418999599526
46,B_then_A,0.028279932997975266,0.0359547490006662
47,A_then_B,0.028408504000253743,0.03658075500061386
48,B_then_A,0.027619127999059856,0.03525489599996945
49,A_then_B,0.02667084399945452,0.03605200300080469
50,A_then_B,0.02697459499904653,0.03453260500100441
51,B_then_A,0.027473427999211708,0.036874420002277475
52,B_then_A,0.027120457001728937,0.03610976100026164
53,A_then_B,0.026993521001713816,0.044649478997598635
54,B_then_A,0.027036283998313593,0.03599711499919067
55,A_then_B,0.02865889600070659,0.04112855700077489
56,B_then_A,0.02739130099871545,0.03654112200092641
57,B_then_A,0.027016011998057365,0.0360534790015663
58,B_then_A,0.028324537997832522,0.040773674998490606
59,A_then_B,0.02797329399982118,0.03510606099735014
60,A_then_B,0.028074062000086997,0.04121988399856491
61,A_then_B,0.028178987999126548,0.035391358000197215
62,A_then_B,0.02819155599718215,0.035783005001576385
63,B_then_A,0.027731435002351645,0.03663021399916033
64,B_then_A,0.02980756999750156,0.04040012699988438
65,A_then_B,0.027784718997281743,0.03548506800143514
66,B_then_A,0.02822852899771533,0.035902208997868
67,A_then_B,0.027059511998231756,0.04125562899935176
68,A_then_B,0.027973219999694265,0.035815341001580236
69,A_then_B,0.031703934000688605,0.03584373700141441
70,B_then_A,0.027973778000159655,0.0411207649995049
71,B_then_A,0.02876175899655209,0.03603186499822186
72,A_then_B,0.027212379001866793,0.03717201099789236
73,B_then_A,0.0282112809982209,0.04217617500034976
74,A_then_B,0.027457498999865493,0.044907258001330774
75,A_then_B,0.027922082001168747,0.03507293900111108
76,B_then_A,0.02726943699963158,0.03801790100260405
77,B_then_A,0.027093012002296746,0.0364842340022733
78,A_then_B,0.0292855289990257,0.03498654299983173
79,A_then_B,0.02655392399901757,0.036942964001354994
80,B_then_A,0.026346560000092722,0.03574780000053579
81,A_then_B,0.027400894003221765,0.03514651099976618
82,A_then_B,0.02824547199998051,0.03479708600207232
83,B_then_A,0.027127008001116337,0.03515996499845642
84,A_then_B,0.02705720100129838,0.03554251099922112
85,A_then_B,0.026585265000903746,0.035571775002608774
86,A_then_B,0.027135803997225594,0.036421641998458654
87,A_then_B,0.027473624002595898,0.03702348099977826
88,A_then_B,0.026740086999780033,0.036181471001327736
89,A_then_B,0.026083805998496246,0.035304730001371354
90,B_then_A,0.03319965199989383,0.035248976997536374
91,B_then_A,0.028354275000310736,0.03551004099790589
92,B_then_A,0.02806984499693499,0.036704260997794336
93,A_then_B,0.02819513999929768,0.03611577600167948
94,A_then_B,0.028831130999606103,0.03598960299859755
95,B_then_A,0.02754828700199141,0.03508935799982282
96,A_then_B,0.028253761000087252,0.03640777900000103
97,B_then_A,0.02676963900012197,0.03683699999965029
98,A_then_B,0.028209284999320516,0.03816148100304417
99,A_then_B,0.042033202000311576,0.05377322999993339
100,B_then_A,0.028269825997995213,0.036162919001071714
1,A_then_B,0.028227563998370897,0.03638281699750223
2,A_then_B,0.027054741000029026,0.036391001998708816
3,A_then_B,0.02716844699898502,0.03664040399962687
4,B_then_A,0.02856648500164738,0.0364619540014246
5,B_then_A,0.028226220998476492,0.035737338999751955
6,B_then_A,0.02834884199910448,0.03529966199857881
7,B_then_A,0.029876920001697727,0.035644375002448214
8,A_then_B,0.027021092999348184,0.03647804299907875
9,B_then_A,0.027401254999858793,0.035331969000253594
10,B_then_A,0.028940799998963485,0.03645209499882185
11,B_then_A,0.028204788999573793,0.036731920001329854
12,B_then_A,0.029084917001455324,0.0359849509986816
13,B_then_A,0.028825828001572518,0.03593298800115008
14,A_then_B,0.02755104000243591,0.03578898599880631
15,A_then_B,0.031006798999442253,0.03507809000075213
16,A_then_B,0.028063910998753272,0.03635865100295632
17,B_then_A,0.026846192999073537,0.037462401000084355
18,A_then_B,0.02737713899841765,0.03764838300048723
19,B_then_A,0.027026045001548482,0.03628086199751124
20,B_then_A,0.026551398001174675,0.035184483996999916
21,A_then_B,0.02635013300096034,0.035093022997898515
22,B_then_A,0.03030389500054298,0.03594794499804266
23,A_then_B,0.027889378001418663,0.03663722100100131
24,B_then_A,0.028490401000453858,0.035430692998488666
25,B_then_A,0.030097712002316257,0.03508312499980093
26,A_then_B,0.027781584998592734,0.03585432299951208
27,B_then_A,0.027737850999983493,0.03525755800001207
28,B_then_A,0.031524505000561476,0.035260152999399
29,A_then_B,0.026574748000712134,0.03527938299885136
30,B_then_A,0.02826785399884102,0.03746227299780003
31,A_then_B,0.028352209999866318,0.035298202998092165
32,B_then_A,0.028370026000629878,0.03663593899909756
33,B_then_A,0.027019279998057755,0.035373891001654556
34,B_then_A,0.026841729999432573,0.035589228002208984
35,A_then_B,0.026579896999464836,0.03577273799965042
36,A_then_B,0.031181787999230437,0.04508114399868646
37,B_then_A,0.027417454002716113,0.03519768299884163
38,B_then_A,0.027002667000488145,0.040060055998765165
39,A_then_B,0.027159858000231907,0.03466408500025864
40,B_then_A,0.026637467999535147,0.035860151998349465
41,B_then_A,0.026844788000744302,0.03605560999858426
42,A_then_B,0.027315507002640516,0.036840376000327524
43,A_then_B,0.026531758998316946,0.035761338000156684
44,B_then_A,0.02782262999971863,0.034999739000340924
45,A_then_B,0.02655286499793874,0.035799732999294065
46,B_then_A,0.02771537300213822,0.03702111700113164
47,A_then_B,0.030245350000768667,0.03521714599992265
48,A_then_B,0.027164342001924524,0.0357499719975749
49,A_then_B,0.02719658000205527,0.03668325699982233
50,A_then_B,0.029356317998463055,0.0364210589978029
51,A_then_B,0.026907641997240717,0.03549264899993432
52,B_then_A,0.027175908002391225,0.03606071000103839
53,A_then_B,0.03283536399976583,0.03575339799863286
54,B_then_A,0.029885873998864554,0.041940291001083096
55,B_then_A,0.03072144600082538,0.03614912400007597
56,B_then_A,0.03073491600298439,0.036777623998204945
57,B_then_A,0.027146167998580495,0.03925556499962113
58,A_then_B,0.026831477000087034,0.03669654300028924
59,A_then_B,0.029815292000421323,0.050122440999984974
60,A_then_B,0.03157579799881205,0.04743967200192856
61,A_then_B,0.027204778998566326,0.0358004770023399
62,B_then_A,0.028116126002714736,0.04001420300119207
63,B_then_A,0.027248880000115605,0.035416718001215486
64,B_then_A,0.027616158997261664,0.03619161299866391
65,A_then_B,0.026993171999492915,0.03523790100007318
66,B_then_A,0.027569225003389874,0.03625391899913666
67,A_then_B,0.0270250079993275,0.036148128001514124
68,B_then_A,0.027262032999715302,0.036920133999956306
69,B_then_A,0.027153964998433366,0.036414862999663455
70,B_then_A,0.027742522001062753,0.03713747299843817
71,B_then_A,0.027095772999018664,0.0385625489980157
72,A_then_B,0.027348147999873618,0.03500534200065886
73,B_then_A,0.02657049100162112,0.035266106999188196
74,B_then_A,0.026170761997491354,0.03618194099908578
75,A_then_B,0.028609968998352997,0.03571050700338674
76,A_then_B,0.028177869000501232,0.035986081998999
77,B_then_A,0.02908208999724593,0.03615786800219212
78,B_then_A,0.029398415001196554,0.03599544799726573
79,A_then_B,0.035749829999986105,0.035248988002422266
80,A_then_B,0.02769897699909052,0.03742924700054573
81,B_then_A,0.02726606299984269,0.03578236899920739
82,A_then_B,0.026457708001544233,0.03539174800243927
83,A_then_B,0.027406657998653827,0.04218064200176741
84,B_then_A,0.02948579499934567,0.03567865799777792
85,A_then_B,0.0266035019994888,0.03462983800272923
86,B_then_A,0.026137847002246417,0.035064527997747064
87,A_then_B,0.02668973000254482,0.03478184599953238
88,B_then_A,0.026093529002537252,0.0345126629981678
89,A_then_B,0.02603412399912486,0.03427735299919732
90,B_then_A,0.026831381997908466,0.03475962999800686
91,B_then_A,0.02713748200039845,0.035181063001800794
92,B_then_A,0.02697948499917402,0.0354998449984123
93,A_then_B,0.02644687899737619,0.035690107997652376
94,A_then_B,0.02702205999958096,0.034782703001837945
95,A_then_B,0.025985068998124916,0.0346014059978188
96,A_then_B,0.029926295999757713,0.034980778000317514
97,B_then_A,0.025985674001276493,0.034270394000486704
98,A_then_B,0.026390615999844158,0.03457423900181311
99,A_then_B,0.026315414997952757,0.034543559999292484
100,B_then_A,0.026522362997638993,0.034805508999852464
1,B_then_A,0.026220097999612335,0.034267408002051525
2,A_then_B,0.026543307001702487,0.034356726999249076
3,A_then_B,0.02665908299968578,0.034334258001763374
4,A_then_B,0.026092219002748607,0.03432211299877963
5,B_then_A,0.02624353200008045,0.034447099998942576
6,B_then_A,0.02614360699953977,0.035179387999960454
7,B_then_A,0.02660823999758577,0.034269889001734555
8,A_then_B,0.0264952750003431,0.03437008499895455
9,A_then_B,0.02648516499903053,0.03489101299783215
10,A_then_B,0.0267969880005694,0.03539453300254536
11,A_then_B,0.027157599997735815,0.035522010999557097
12,B_then_A,0.026386425000964664,0.03468300800159341
13,A_then_B,0.02661348000037833,0.03473496199876536
14,A_then_B,0.02638147000106983,0.035167059999366757
15,B_then_A,0.026562023998849327,0.03500490599981276
16,B_then_A,0.026679898001020774,0.03633861599882948
17,A_then_B,0.02664307099985308,0.03453287600132171
18,B_then_A,0.027729252997232834,0.034407383001962444
19,B_then_A,0.026395685999887064,0.034819135998986894
20,A_then_B,0.026190627002506517,0.03561757699935697
21,B_then_A,0.02638535399819375,0.03753845599931083
22,B_then_A,0.026257059998897603,0.048693343000195455
23,A_then_B,0.02695858700099052,0.035281192998809274
24,A_then_B,0.02833537400147179,0.03470900400134269
25,B_then_A,0.02619705500183045,0.0344250429989188
26,A_then_B,0.026709146000939654,0.035347787001228426
27,A_then_B,0.026616416002070764,0.03487277800013544
28,A_then_B,0.026526933997956803,0.0346782010019524
29,B_then_A,0.026525594999839086,0.03532011700008297
30,B_then_A,0.026545847998932004,0.03461146699919482
31,B_then_A,0.026138702996831853,0.03585033899798873
32,B_then_A,0.026290726000297582,0.03476184499959345
33,B_then_A,0.026095963999978267,0.03418477699960931
34,B_then_A,0.026489127001696033,0.03614159499920788
35,A_then_B,0.026095490000443533,0.036027666999871144
36,B_then_A,0.02617945800011512,0.034851934000471374
37,B_then_A,0.025991733000410022,0.03447681299803662
38,B_then_A,0.026745683997432934,0.03456002100210753
39,B_then_A,0.026326776001951657,0.0345929779978178
40,B_then_A,0.02676553499986767,0.034909933998278575
41,B_then_A,0.02615322999918135,0.034927278000395745
42,A_then_B,0.026129130001208978,0.034460267997928895
43,A_then_B,0.026333931997214677,0.03625892399941222
44,A_then_B,0.026820119997864822,0.035199527999793645
45,A_then_B,0.029361548000451876,0.034659356002521235
46,A_then_B,0.02606644499974209,0.03429864699864993
47,A_then_B,0.026090633000421803,0.03461291299754521
48,A_then_B,0.026461325000127545,0.03507121499933419
49,B_then_A,0.02669857100045192,0.0350071860011667
50,A_then_B,0.026662895001209108,0.034749505000945646
51,A_then_B,0.026390041999547975,0.03495369300071616
52,A_then_B,0.027429893998487387,0.03479600799983018
53,A_then_B,0.0268615109998791,0.03441348700289382
54,B_then_A,0.0262801090029825,0.034438507002050756
55,B_then_A,0.02677457800018601,0.034929199999169214
56,B_then_A,0.027007495998986997,0.03502545599985751
57,A_then_B,0.026577605996862985,0.03564230100164423
58,B_then_A,0.026321336001274176,0.03496283600179595
59,A_then_B,0.02663665299769491,0.034389223998005036
60,A_then_B,0.026420582002174342,0.034475741998903686
61,B_then_A,0.02785092400154099,0.03598981499817455
62,B_then_A,0.026220815001579467,0.035021104999032104
63,B_then_A,0.026237546000629663,0.03426483400107827
64,B_then_A,0.02711951899982523,0.03495313200255623
65,B_then_A,0.028137313998740865,0.03467484099746798
66,B_then_A,0.026463082002010196,0.03523036200203933
67,A_then_B,0.026498735998757184,0.03676169699974707
68,A_then_B,0.028599721001228318,0.03688082500229939
69,A_then_B,0.02979399600008037,0.03871113099739887
70,A_then_B,0.02737897200131556,0.03859190400180523
71,A_then_B,0.027342630000930512,0.03599750700232107
72,B_then_A,0.026288121000106912,0.03507956399698742
73,B_then_A,0.030780492001213133,0.036360426998726325
74,A_then_B,0.026067083002999425,0.03568024400010472
75,B_then_A,0.02757786299844156,0.03471652300140704
76,A_then_B,0.03492749200086109,0.049147855999763124
77,B_then_A,0.025915054000506643,0.03491065200068988
78,A_then_B,0.026173996997385984,0.03425811399938539
79,A_then_B,0.026527341000473825,0.03434976199787343
80,A_then_B,0.027615536000666907,0.03484330900027999
81,B_then_A,0.028067145998647902,0.0347107639972819
82,A_then_B,0.02627914899858297,0.03416769099931116
83,B_then_A,0.027359319999959553,0.03481795100015006
84,B_then_A,0.027226769998378586,0.035536103998310864
85,A_then_B,0.02660903699870687,0.03428813600112335
86,A_then_B,0.02667385500171804,0.034666010997170815
87,B_then_A,0.02644375000090804,0.03422451999722398
88,B_then_A,0.026807854999788105,0.03436448199863662
89,A_then_B,0.027152537997608306,0.03586775100120576
90,A_then_B,0.026802410997333936,0.03449580199958291
91,A_then_B,0.02611890999833122,0.03441464699790231
92,B_then_A,0.026901702000031946,0.03426864200082491
93,B_then_A,0.02662885199970333,0.0359960690002481
94,A_then_B,0.02711829699910595,0.03470657499929075
95,A_then_B,0.029335809998883633,0.03472916600003373
96,A_then_B,0.033114663001470035,0.03585272700001951
97,B_then_A,0.02630071200110251,0.03499752299831016
98,B_then_A,0.02727287800007616,0.03642042899809894
99,B_then_A,0.026593136997689726,0.035485055999743054
100,B_then_A,0.02697577900107717,0.03459562599891797
1,A_then_B,0.026399517999379896,0.034408470997732366
2,B_then_A,0.026019116001407383,0.03421118899859721
3,A_then_B,0.026493785000639036,0.034688760999415535
4,A_then_B,0.02620860200113384,0.034908659999928204
5,B_then_A,0.027083975001005456,0.03500022399748559
6,B_then_A,0.026678576999984216,0.0346196320024319
7,A_then_B,0.0267199600020831,0.034192874998552725
8,A_then_B,0.02628280900171376,0.034358048000285635
9,A_then_B,0.02631666300294455,0.03423785799895995
10,A_then_B,0.03066908099935972,0.0711508970016439
11,A_then_B,0.06300822699995479,0.07578323399866349
12,B_then_A,0.03508492000037222,0.04339129899744876
13,B_then_A,0.031021530001453357,0.04075902899785433
14,B_then_A,0.03048676399703254,0.04033126699869172
15,A_then_B,0.030707950998476008,0.04116283299663337
16,A_then_B,0.03355486399959773,0.045648336003068835
17,B_then_A,0.03174423400196247,0.040726434999669436
18,B_then_A,0.02825886500068009,0.03972963599881041
19,A_then_B,0.028194034999614814,0.0358695320028346
20,A_then_B,0.028526017998956377,0.0381335099991702
21,B_then_A,0.027574363000894664,0.03630618399984087
22,A_then_B,0.029132974999811267,0.035756434001086745
23,B_then_A,0.02844216899757157,0.03769360899968888
24,B_then_A,0.028172006997920107,0.03699214399966877
25,B_then_A,0.03038729299805709,0.035937321998062544
26,B_then_A,0.02926526100054616,0.03815491900240886
27,A_then_B,0.028251458999875467,0.03927617799854488
28,A_then_B,0.027969323000434088,0.03583153499857872
29,A_then_B,0.028625175000343006,0.036854375000984874
30,B_then_A,0.02876432599805412,0.037570952001260594
31,B_then_A,0.02747369099961361,0.037173269996856106
32,A_then_B,0.03124146000118344,0.036186952002026374
33,B_then_A,0.02704589800123358,0.03788477299895021
34,B_then_A,0.026831481001863722,0.03586068799995701
35,A_then_B,0.027917833998799324,0.0348173409984156
36,B_then_A,0.027237866997893434,0.0361270159992273
37,B_then_A,0.026450227996974718,0.035965078001026995
38,B_then_A,0.02726434499709285,0.036158348000753904
39,B_then_A,0.02679215000171098,0.0365025710016198
40,A_then_B,0.0269062320003286,0.046771203000389505
41,B_then_A,0.027314242997817928,0.03633368100054213
42,B_then_A,0.027428557998064207,0.04531633200167562
43,B_then_A,0.026466780000191648,0.03581951599699096
44,A_then_B,0.02706833200136316,0.034713460998318624
45,B_then_A,0.027914931997656822,0.037565938000625465
46,B_then_A,0.02957704999789712,0.0351719559985213
47,A_then_B,0.027891534999071155,0.03910667700256454
48,B_then_A,0.027682444000674877,0.03523394000148983
49,B_then_A,0.027351714998076204,0.03577197200138471
50,A_then_B,0.026509328999964055,0.035202480998123065
51,B_then_A,0.028701004001050023,0.03597987000102876
52,A_then_B,0.02847229899998638,0.039951400001882575
53,A_then_B,0.028421749000699492,0.03496739099864499
54,B_then_A,0.026875502000621054,0.036010552998050116
55,B_then_A,0.02674171299804584,0.035740798000915674
56,B_then_A,0.026647211001545656,0.037369461999333
57,A_then_B,0.0271449300016684,0.038262598998699104
58,A_then_B,0.03843426499952329,0.03949274799742852
59,B_then_A,0.03164196999932756,0.04184433699992951
60,B_then_A,0.03161964800165151,0.04314795900063473
61,B_then_A,0.031108056999073597,0.04381836500033387
62,A_then_B,0.02973906400075066,0.03813833499953034
63,B_then_A,0.02976576900255168,0.03815470400149934
64,B_then_A,0.03286414399917703,0.038773043001128826
65,A_then_B,0.034225258001242764,0.04868239999996149
66,A_then_B,0.03585015199860209,0.04226895900137606
67,A_then_B,0.03609570700064069,0.04503513700183248
68,B_then_A,0.02947319799932302,0.03672519799874863
69,A_then_B,0.02740325199920335,0.03719742000248516
70,B_then_A,0.027281548998871585,0.03565234699999564
71,A_then_B,0.027708411998901283,0.03719653100051801
72,B_then_A,0.027888768003322184,0.03801448599915602
73,A_then_B,0.028368458999466384,0.035464325999782886
74,A_then_B,0.0286067599990929,0.03674042399870814
75,A_then_B,0.028434259998903144,0.03637783500016667
76,B_then_A,0.03217620999930659,0.03844005700011621
77,B_then_A,0.02702698900247924,0.035578341001382796
78,A_then_B,0.026654590001271572,0.03601946699927794
79,B_then_A,0.03092818599907332,0.03555099000004702
80,B_then_A,0.027631131000816822,0.03678339200268965
81,B_then_A,0.027140086000144947,0.036492319999524625
82,B_then_A,0.028421135000826325,0.03589348100285861
83,A_then_B,0.026876780000748113,0.03574749399922439
84,B_then_A,0.027287246997730108,0.03504673600036767
85,A_then_B,0.026601372999721207,0.03530420199967921
86,B_then_A,0.027544137999939267,0.034878802001912845
87,B_then_A,0.027409408998209983,0.03569070599769475
88,B_then_A,0.027557254001294496,0.035040930000832304
89,B_then_A,0.026910609001788544,0.034907157001725864
90,A_then_B,0.02706394300184911,0.03492328200081829
91,B_then_A,0.02657443600037368,0.03657099599877256
92,A_then_B,0.02712648899978376,0.03482871599771897
93,A_then_B,0.02770684499773779,0.03482182799780276
94,B_then_A,0.02700679099871195,0.035795211002550786
95,A_then_B,0.026943318000121508,0.03606011800002307
96,B_then_A,0.026481942000827985,0.035083508999377955
97,B_then_A,0.030016655000508763,0.03489141500176629
98,A_then_B,0.027058466002927162,0.03477678799754358
99,B_then_A,0.028021551999700023,0.03591285500078811
100,B_then_A,0.030431351999141043,0.035782457001914736
1,A_then_B,0.03128404899689485,0.04174441599752754
2,B_then_A,0.027512377997481963,0.03572282100140001
3,B_then_A,0.02960315899690613,0.03550274500230444
4,A_then_B,0.02720044400120969,0.038124507998873014
5,A_then_B,0.026294143000995973,0.03525196299960953
6,A_then_B,0.026742096000816673,0.035168334001355106
7,A_then_B,0.026875171999563463,0.03533496499949251
8,A_then_B,0.026692974999605212,0.03557416900002863
9,A_then_B,0.02688446399770328,0.03514019299836946
10,B_then_A,0.02658640300069237,0.03550271700078156
11,B_then_A,0.02779094100333168,0.03547242500280845
12,B_then_A,0.02685568900051294,0.03566518799925689
13,A_then_B,0.026765200000227196,0.034708269999100594
14,A_then_B,0.028564337000716478,0.034834232999855885
15,B_then_A,0.02715071700004046,0.035222253998654196
16,A_then_B,0.027123805000883294,0.037140109001484234
17,A_then_B,0.026891494999290444,0.03537586799939163
18,B_then_A,0.02957874500134494,0.03496876700228313
19,B_then_A,0.027677297999616712,0.03529623899885337
20,A_then_B,0.02689312000075006,0.03548836099798791
21,A_then_B,0.026540685998043045,0.03539908399761771
22,A_then_B,0.02758250600163592,0.03558591099863406
23,B_then_A,0.027079851999587845,0.035035662000154844
24,A_then_B,0.027113003001431935,0.035445670000626706
25,B_then_A,0.028101135001634248,0.041632937998656416
26,B_then_A,0.03932732700195629,0.04490913900008309
27,A_then_B,0.0273921549996885,0.03682419100005063
28,A_then_B,0.026932471999316476,0.035248649001005106
29,A_then_B,0.02666246700027841,0.035534582999389386
30,B_then_A,0.027752603997214464,0.03531937499792548
31,A_then_B,0.026429557001392823,0.03489957399870036
32,A_then_B,0.026927490998787107,0.034580772000481375
33,A_then_B,0.027853945997776464,0.035366677002457436
34,A_then_B,0.027236878999246983,0.0375185099983355
35,B_then_A,0.03293595200011623,0.04022755500045605
36,B_then_A,0.026224010001897113,0.0360313290002523
37,A_then_B,0.028451414000301156,0.03463880700292066
38,A_then_B,0.026550562997726956,0.03485142999852542
39,B_then_A,0.027865411997481715,0.03531219900105498
40,B_then_A,0.029492948997358326,0.036927363002178026
41,B_then_A,0.028104123997763963,0.03627572200275608
42,A_then_B,0.026667616999475285,0.03559023900015745
43,B_then_A,0.02823102000184008,0.03650025100068888
44,B_then_A,0.02651951900043059,0.04266799999822979
45,B_then_A,0.02778712700092001,0.03694385000198963
46,B_then_A,0.027906417999474797,0.03615732400066918
47,A_then_B,0.02687726099975407,0.03509150799800409
48,A_then_B,0.026820422001037514,0.03537436000260641
49,B_then_A,0.02651150300152949,0.035183500996936345
50,B_then_A,0.027148706998559646,0.03569692300152383
51,A_then_B,0.02662502999737626,0.03503841400015517
52,B_then_A,0.026275298998371,0.035332657000253676
53,B_then_A,0.026633263998519396,0.035480580998410005
54,A_then_B,0.027974379998340737,0.035013436998269754
55,A_then_B,0.02677534999747877,0.03519618000063929
56,A_then_B,0.026632811001036316,0.03564859499965678
57,A_then_B,0.026427995999256382,0.035921386999689275
58,B_then_A,0.02762278499722015,0.035611282000900246
59,B_then_A,0.02758961899962742,0.03555723099998431
60,B_then_A,0.02668663199801813,0.03472837500157766
61,B_then_A,0.027177658997970866,0.03555390100154909
62,A_then_B,0.027518806000443874,0.03530435100037721
63,A_then_B,0.028722037000989076,0.03568585500033805
64,A_then_B,0.026993759998731548,0.03662821800025995
65,A_then_B,0.02733374499803176,0.035582624997914536
66,B_then_A,0.029040844001428923,0.035282853998069186
67,B_then_A,0.02876635900247493,0.036092619000555715
68,A_then_B,0.02844137200008845,0.036399798998900224
69,A_then_B,0.026789285999257118,0.04275292500096839
70,A_then_B,0.027722378999897046,0.0363217039994197
71,B_then_A,0.02682242400260293,0.03489491299842484
72,A_then_B,0.026615498998580733,0.03459370000200579
73,A_then_B,0.027951410000241594,0.03570746900004451
74,B_then_A,0.02658636900014244,0.036214791998645524
75,B_then_A,0.02690906100178836,0.035968880001746584
76,B_then_A,0.026040115000796504,0.03558353900007205
77,A_then_B,0.02749058199697174,0.03463260599892237
78,B_then_A,0.02661674199771369,0.03537911300009
79,A_then_B,0.0265886919987679,0.035681524001120124
80,A_then_B,0.027163586997630773,0.03504894500292721
81,A_then_B,0.026890904002357274,0.03568892100156518
82,B_then_A,0.029882478000217816,0.0367385009994905
83,B_then_A,0.026929335999739124,0.0347377950020018
84,A_then_B,0.026236075998895103,0.04556855800183257
85,B_then_A,0.026640517000487307,0.0348634559995844
86,B_then_A,0.028829889997723512,0.034972968001966365
87,A_then_B,0.027846498000144493,0.045154434999858495
88,B_then_A,0.026816307999979472,0.045436042000801535
89,A_then_B,0.02683542099839542,0.03651204699781374
90,A_then_B,0.02709935399980168,0.0363284749982995
91,B_then_A,0.02711942299720249,0.03507136899861507
92,B_then_A,0.028055658000084804,0.03522600499854889
93,B_then_A,0.028012593000312336,0.04805975999988732
94,B_then_A,0.028013574999931734,0.0360525050018623
95,A_then_B,0.02670100899922545,0.036667894000856904
96,A_then_B,0.026975267002853798,0.03942355300023337
97,A_then_B,0.027298421002342366,0.03572642799917958
98,A_then_B,0.02783640999768977,0.03819426400150405
99,B_then_A,0.026786403999722097,0.035211528000218095
100,B_then_A,0.02684800799761433,0.035298884002259
1,A_then_B,0.02652182199744857,0.0350546879999456
2,A_then_B,0.026869124001677847,0.03561153500049841
3,A_then_B,0.026859844001592137,0.03556018900053459
4,A_then_B,0.027711079001164762,0.03570753500025603
5,A_then_B,0.028549485999974422,0.03506567200020072
6,A_then_B,0.02705913799945847,0.045290932001080364
7,A_then_B,0.028987878999032546,0.035770713999227155
8,A_then_B,0.02750451899919426,0.034963201000209665
9,A_then_B,0.027445337000244763,0.034511868998379214
10,B_then_A,0.026654844001313904,0.03534346600281424
11,A_then_B,0.028314659000898246,0.035263187000964535
12,B_then_A,0.02750132700020913,0.03580865399999311
13,A_then_B,0.02836434899654705,0.035401750003074994
14,B_then_A,0.02712281099957181,0.0352968699990015
15,B_then_A,0.030068210999161238,0.035014596996916225
16,A_then_B,0.02842517899989616,0.045774969999911264
17,B_then_A,0.027462042002298404,0.034766118002153235
18,B_then_A,0.027278678000584478,0.035197791999962647
19,A_then_B,0.027361837001080858,0.03491444700193824
20,A_then_B,0.03161525700124912,0.03524919899791712
21,B_then_A,0.026643430999683915,0.03536702300334582
22,B_then_A,0.0279720289981924,0.0353893989995413
23,A_then_B,0.0282134369990672,0.03613495800163946
24,A_then_B,0.02822053300042171,0.035347662000276614
25,B_then_A,0.027385166999010835,0.036010399999213405
26,B_then_A,0.028634623002290027,0.03663051799958339
27,A_then_B,0.027202545003092382,0.03631125099855126
28,A_then_B,0.027524310997250723,0.0353723619991797
29,B_then_A,0.027025130999390967,0.03546392800126341
30,A_then_B,0.02739629099960439,0.035698237999895355
31,A_then_B,0.027275344997178763,0.03554215799886151
32,B_then_A,0.02821526499974425,0.03484911600025953
33,B_then_A,0.0268560129989055,0.03659010200135526
34,B_then_A,0.02764518999902066,0.034917630000563804
35,B_then_A,0.027848749999975553,0.03539997600091738
36,B_then_A,0.027788334002252668,0.03497201099889935
37,B_then_A,0.02724719400066533,0.03654770700086374
38,B_then_A,0.026970808001351543,0.036011980002513155
39,B_then_A,0.026852537001104793,0.03830027000003611
40,A_then_B,0.03193278199978522,0.0349220130010508
41,B_then_A,0.02654570300001069,0.03587104400139651
42,B_then_A,0.02751697099665762,0.0401866259999224
43,A_then_B,0.027734540999517776,0.03592417099935119
44,B_then_A,0.02627675499752513,0.03477047600244987
45,A_then_B,0.026877381998929195,0.04028769999786164
46,A_then_B,0.028810133997467346,0.07468472699838458
47,B_then_A,0.0631925890011189,0.07733363399893278
48,A_then_B,0.05195361499863793,0.04952679399866611
49,A_then_B,0.03018381599758868,0.04612323000037577
50,B_then_A,0.032077951000246685,0.04420119399946998
51,A_then_B,0.0342319060000591,0.04071449900220614
52,A_then_B,0.03635130700058653,0.036043423002411146
53,A_then_B,0.028173351998702856,0.03606290899915621
54,A_then_B,0.027229365001403494,0.035835755999869434
55,B_then_A,0.027500735999637982,0.03649219899671152
56,B_then_A,0.027302405000227736,0.0364212390013563
57,A_then_B,0.027835778997541638,0.03661227299744496
58,B_then_A,0.027245425997534767,0.03528511299737147
59,B_then_A,0.027105853998364182,0.03537427300034324
60,B_then_A,0.026281366997864097,0.03621943799953442
61,A_then_B,0.027732049999031005,0.03691383700061124
62,A_then_B,0.026647053000488086,0.035539526001230115
63,A_then_B,0.02763224599766545,0.034948024000186706
64,B_then_A,0.027554182001040317,0.03703680300168344
65,A_then_B,0.027285985001071822,0.036711307999212295
66,B_then_A,0.028231624000909505,0.03474517300128355
67,A_then_B,0.027624662998277927,0.03539036700021825
68,B_then_A,0.028689700000541052,0.03555277400300838
69,B_then_A,0.03291618499861215,0.035285295998619404
70,A_then_B,0.026836080996872624,0.036086453997995704
71,A_then_B,0.02681829300126992,0.03514999000253738
72,A_then_B,0.026778520998050226,0.03724568599864142
73,A_then_B,0.032854177999979584,0.03514869200080284
74,B_then_A,0.027753081001719693,0.03494353300266084
75,B_then_A,0.027559713998925872,0.035961098001280334
76,B_then_A,0.03948941099952208,0.040338102997338865
77,B_then_A,0.0345002440008102,0.04828114199699485
78,A_then_B,0.032219243999861646,0.04249504499966861
79,A_then_B,0.030262077001680154,0.04214194700034568
80,A_then_B,0.03254975900199497,0.03744826999900397
81,B_then_A,0.029449067998939427,0.037753420998342335
82,B_then_A,0.028089475999877322,0.03969014999893261
83,A_then_B,0.02993358599997009,0.03773789400293026
84,B_then_A,0.027652780001517385,0.04048260299896356
85,B_then_A,0.027121168001031037,0.039829235000070184
86,B_then_A,0.02929150199997821,0.040244638999865856
87,A_then_B,0.040357179001148324,0.040504325999791035
88,A_then_B,0.039697362000879366,0.04253709399927175
89,A_then_B,0.03265618300065398,0.04044012399754138
90,B_then_A,0.027754096998251043,0.03567760299847578
91,A_then_B,0.02921539499948267,0.03816027799985022
92,B_then_A,0.0345869449993188,0.03647557200019946
93,B_then_A,0.02975872599927243,0.038214189997233916
94,A_then_B,0.028097499001887627,0.03725950499938335
95,B_then_A,0.030091554999671644,0.037402988000394544
96,A_then_B,0.028618319000088377,0.03695326899833162
97,B_then_A,0.02775829899837845,0.03588528200270957
98,A_then_B,0.02723303699895041,0.0360118450007576
99,A_then_B,0.02708784200149239,0.039911616000608774
100,A_then_B,0.028556049001053907,0.03560862599988468
